<DATE>	<BALANCE>	<EQUITY>	<DEPOSIT LOAD>
2026.01.01 00:00	1000.00	1000.00	0.0000
2026.01.12 00:06	999.93	1000.27	4.5458
2026.01.12 00:55	1041.01	1051.74	4.3233
2026.01.12 01:01	1041.01	1041.01	0.0000
2026.01.12 08:52	1040.94	1040.69	4.4182
2026.01.12 12:23	1050.57	1022.31	4.4977
2026.01.12 13:55	1050.57	1062.40	4.3279
2026.01.12 14:03	1050.57	1050.57	0.0000
2026.01.12 15:10	1050.50	1049.08	4.4010
2026.01.12 15:22	1055.68	1045.20	4.4173
2026.01.12 16:18	1055.68	1062.97	4.3435
2026.01.12 16:25	1055.68	1055.68	0.0000
2026.01.13 14:46	1055.61	1055.84	4.3823
2026.01.13 14:50	1032.35	1062.01	4.3568
2026.01.13 15:18	1032.35	1037.45	4.4600
2026.01.13 15:19	1032.35	1032.35	0.0000
2026.01.14 07:00	1032.28	1032.82	4.4896
2026.01.14 09:20	1009.03	1034.60	4.4819
2026.01.14 14:46	1009.03	1011.50	4.5843
2026.01.14 14:49	1009.03	1009.03	0.0000
2026.01.18 23:05	1008.96	1008.94	4.6078
2026.01.18 23:33	1031.90	1049.03	4.4317
2026.01.18 23:41	1031.90	1031.90	0.0000
2026.01.20 04:35	1031.83	1031.55	4.5446
2026.01.20 05:13	1038.90	1044.97	4.4863
2026.01.20 05:31	1038.90	1038.90	0.0000
2026.01.20 11:52	1038.83	1038.85	4.5570
2026.01.20 13:34	1044.23	1021.23	4.6356
2026.01.20 14:30	1044.23	1054.96	4.4874
2026.01.20 14:31	1044.23	1044.23	0.0000
2026.01.20 16:46	1044.16	1043.77	4.5489
2026.01.20 16:51	1058.22	1042.29	4.5554
2026.01.20 18:19	1058.22	1061.61	4.4725
2026.01.20 18:26	1058.22	1058.22	0.0000
2026.01.22 16:52	1058.15	1055.34	4.6288
2026.01.22 17:09	1080.91	1045.53	4.6723
2026.01.22 18:12	1080.91	1087.35	4.4926
2026.01.22 18:26	1080.91	1080.91	0.0000
2026.01.22 20:05	1080.84	1081.44	4.5504
2026.01.22 21:02	1095.21	1075.77	4.5744
2026.01.22 21:43	1095.21	1099.73	4.4747
2026.01.22 21:56	1095.21	1095.21	0.0000
2026.01.23 05:48	1095.14	1096.54	4.5270
2026.01.23 05:52	1070.15	1097.90	4.5214
2026.01.23 08:12	1070.15	1072.63	4.6279
2026.01.23 08:18	1070.15	1070.15	0.0000
2026.01.23 19:53	1070.08	1070.22	4.6579
2026.01.23 20:08	1098.10	1058.37	4.7101
2026.01.25 23:22	1098.10	1114.33	4.4735
2026.01.25 23:30	1098.10	1098.10	0.0000
2026.01.26 02:22	1098.03	1099.13	4.6237
2026.01.26 02:31	1088.54	1108.22	4.5857
2026.01.26 03:01	1088.54	1093.95	4.6456
2026.01.26 03:02	1088.54	1088.54	0.0000
2026.01.26 06:45	1088.47	1090.68	4.6668
2026.01.26 06:51	1076.16	1107.64	4.5954
2026.01.26 06:58	1076.16	1083.74	4.6967
2026.01.26 06:59	1076.16	1076.16	0.0000
2026.01.27 20:03	1076.09	1086.95	4.6994
2026.01.27 20:04	1141.25	1082.11	4.7204
2026.01.27 21:12	1141.25	1154.75	4.4235
2026.01.27 21:24	1141.25	1141.25	0.0000
2026.01.28 01:04	1141.18	1140.38	4.5485
2026.01.28 01:12	1158.55	1129.66	4.5916
2026.01.28 01:51	1158.55	1177.88	4.4037
2026.01.28 02:01	1158.55	1158.55	0.0000
2026.01.28 04:56	1158.48	1159.36	4.5232
2026.01.28 05:02	1166.08	1156.87	4.5329
2026.01.28 05:31	1166.08	1174.74	4.4640
2026.01.28 05:34	1166.08	1166.08	0.0000
2026.01.28 18:19	1166.01	1166.58	4.5501
2026.01.28 18:24	1153.10	1181.39	4.4930
2026.01.28 18:30	1153.10	1163.25	4.5631
2026.01.28 18:31	1153.10	1153.10	0.0000
2026.01.28 19:57	1153.03	1154.26	4.6116
2026.01.28 20:16	1279.99	1153.86	4.6132
2026.01.28 21:56	1279.99	1245.84	4.2726
2026.01.28 23:02	1279.99	1279.99	0.0000
2026.01.29 06:24	1279.92	1275.08	4.3880
2026.01.29 06:47	1251.54	1254.89	4.4586
2026.01.29 06:48	1251.54	1251.54	0.0000
2026.02.16 02:55	1251.54	1251.54	0.0000
2026.03.04 01:42	1251.54	1251.54	0.0000
2026.03.18 13:17	1251.47	1249.93	3.8746
2026.03.18 13:18	1227.12	1253.23	3.8644
2026.03.18 13:26	1227.12	1229.39	3.9394
2026.03.18 13:40	1227.12	1227.12	0.0000
2026.03.19 06:36	1227.05	1230.86	3.9054
2026.03.19 06:37	1260.20	1229.29	3.9104
2026.03.19 06:51	1260.20	1281.40	3.7514
2026.03.19 07:07	1260.20	1260.20	0.0000
2026.03.19 09:14	1260.13	1261.08	3.7190
2026.03.19 09:19	1236.64	1239.58	3.7835
2026.03.19 09:20	1236.64	1236.64	0.0000
2026.03.19 10:18	1236.57	1236.57	3.7927
2026.03.19 10:35	1237.39	1227.82	3.8198
2026.03.19 10:58	1237.39	1259.18	3.7246
2026.03.19 11:02	1237.39	1237.39	0.0000
2026.03.19 13:02	1237.32	1246.72	3.6367
2026.03.19 13:03	1213.65	1266.03	3.5813
2026.03.19 13:05	1213.65	1221.37	3.7122
2026.03.19 13:06	1213.65	1213.65	0.0000
2026.03.20 18:51	1213.58	1207.05	3.7314
2026.03.20 18:52	1209.41	1201.86	3.7475
2026.03.20 18:57	1209.41	1231.86	3.6563
2026.03.20 19:32	1209.41	1209.41	0.0000
2026.03.22 23:37	1209.34	1211.18	3.6989
2026.03.22 23:46	1302.25	1197.44	3.7413
2026.03.23 00:35	1302.25	1288.09	3.4780
2026.03.23 00:36	1302.25	1302.25	0.0000
2026.03.23 05:34	1302.18	1303.22	3.3172
2026.03.23 05:38	1315.00	1287.17	3.3585
2026.03.23 06:12	1315.00	1352.33	3.1967
2026.03.23 06:16	1315.00	1315.00	0.0000
2026.03.23 07:07	1314.93	1328.66	3.1355
2026.03.23 07:11	1320.52	1316.00	3.1657
2026.03.23 07:22	1320.52	1378.17	3.0228
2026.03.23 07:34	1320.52	1320.52	0.0000
2026.04.09 04:48	1320.52	1320.52	0.0000
2026.04.27 00:27	1320.52	1320.52	0.0000
2026.05.12 19:19	1320.52	1320.52	0.0000
2026.05.18 01:34	1320.45	1323.16	3.4032
2026.05.18 01:37	1327.33	1322.81	3.4041
2026.05.18 01:45	1327.33	1342.37	3.3545
2026.05.18 01:57	1327.33	1327.33	0.0000
2026.05.19 14:32	1327.26	1339.38	3.3471
2026.05.19 14:53	1304.73	1314.06	3.4116
2026.05.19 14:55	1304.73	1304.73	0.0000
2026.05.20 02:33	1304.66	1298.47	3.4410
2026.05.20 03:24	1307.85	1285.46	3.4758
2026.05.20 04:08	1307.85	1317.44	3.3914
2026.05.20 04:37	1307.85	1307.85	0.0000
2026.05.27 11:47	1307.78	1307.25	3.4087
2026.05.27 12:31	1319.61	1329.36	3.3520
2026.05.27 12:46	1319.61	1319.61	0.0000
2026.05.27 14:06	1319.54	1318.70	3.3571
2026.05.27 14:29	1324.92	1341.53	3.3000
2026.05.27 14:34	1324.92	1324.92	0.0000
2026.06.05 19:15	1324.85	1328.11	3.2573
2026.06.05 19:21	1324.59	1322.17	3.2719
2026.06.05 19:44	1324.59	1335.02	3.2404
2026.06.05 19:57	1324.59	1324.59	0.0000
2026.06.08 02:22	1324.52	1321.01	3.2642
2026.06.08 02:31	1309.44	1334.38	3.2315
2026.06.08 02:43	1309.44	1311.92	3.2868
2026.06.08 02:44	1309.44	1309.44	0.0000
2026.06.08 06:31	1309.37	1308.71	3.2880
2026.06.08 06:38	1318.94	1337.89	3.2163
2026.06.08 06:52	1318.94	1318.94	0.0000
2026.06.09 16:32	1318.87	1325.73	3.2216
2026.06.09 16:47	1323.58	1306.39	3.2693
2026.06.09 17:20	1323.58	1335.44	3.1982
2026.06.09 17:36	1323.58	1323.58	0.0000
2026.06.09 23:50	1323.51	1323.03	3.2040
2026.06.10 00:05	1337.61	1315.94	3.2213
2026.06.10 00:50	1337.61	1349.02	3.1423
2026.06.10 00:57	1337.61	1337.61	0.0000
2026.06.10 01:33	1337.54	1341.69	3.1401
2026.06.10 01:44	1340.75	1350.41	3.1198
2026.06.10 01:56	1340.75	1340.75	0.0000
2026.06.10 02:03	1340.68	1339.13	3.1379
2026.06.10 02:18	1355.08	1326.57	3.1676
2026.06.10 03:20	1355.08	1361.27	3.0868
2026.06.10 03:25	1355.08	1355.08	0.0000
2026.06.10 05:29	1355.01	1356.51	3.0778
2026.06.10 05:42	1334.08	1356.68	3.0774
2026.06.10 06:41	1334.08	1334.39	3.1288
2026.06.10 06:42	1334.08	1334.08	0.0000
2026.06.10 09:03	1334.01	1334.75	3.1279
2026.06.10 09:14	1330.31	1345.29	3.1034
2026.06.10 09:42	1330.31	1331.83	3.1348
2026.06.10 09:43	1330.31	1330.31	0.0000
2026.06.10 12:06	1330.24	1326.45	3.1347
2026.06.10 12:16	1345.64	1317.68	3.1555
2026.06.10 13:28	1345.64	1354.54	3.0697
2026.06.10 13:31	1345.64	1345.64	0.0000
2026.06.10 14:21	1345.57	1343.35	3.0774
2026.06.10 14:32	1324.72	1327.81	3.1134
2026.06.10 14:36	1324.72	1324.72	0.0000
2026.06.10 15:57	1324.65	1330.83	3.1063
2026.06.10 16:02	1328.95	1322.08	3.1269
2026.06.10 16:19	1328.95	1343.72	3.0765
2026.06.10 16:24	1328.95	1328.95	0.0000
2026.06.10 18:30	1328.88	1327.28	3.0966
2026.06.10 18:45	1325.84	1337.15	3.0737
2026.06.10 18:49	1325.84	1326.58	3.0982
2026.06.10 18:50	1325.84	1325.84	0.0000
2026.06.10 19:51	1325.77	1331.41	3.0824
2026.06.10 19:54	1340.11	1326.68	3.0934
2026.06.10 20:26	1340.11	1346.89	3.0470
2026.06.10 20:41	1340.11	1340.11	0.0000
2026.06.11 00:13	1340.04	1344.99	3.0030
2026.06.11 00:14	1324.50	1354.08	2.9828
2026.06.11 00:26	1324.50	1330.69	3.0353
2026.06.11 00:27	1324.50	1324.50	0.0000
2026.06.24 13:25	1324.43	1332.72	3.0171
2026.06.24 13:29	1368.54	1325.18	3.0343
2026.06.24 14:24	1368.54	1381.07	2.9115
2026.06.24 14:31	1368.54	1368.54	0.0000
2026.06.30 02:08	1368.47	1384.96	2.8607
2026.06.30 02:30	1356.64	1351.10	2.9324
2026.06.30 05:02	1356.64	1356.64	0.0000
2026.07.16 05:02	1356.64	1356.64	0.0000
2026.08.03 01:10	1356.64	1356.64	0.0000
2026.08.05 13:16	1356.57	1354.83	3.1008
2026.08.05 13:23	1352.77	1368.44	3.0699
2026.08.05 13:33	1352.77	1354.82	3.1008
2026.08.05 13:41	1352.77	1352.77	0.0000
2026.08.05 19:23	1352.70	1353.87	3.1480
2026.08.05 21:48	1362.40	1334.33	3.1941
2026.08.06 00:43	1362.40	1371.54	3.1075
2026.08.06 01:01	1362.40	1362.40	0.0000
2026.08.06 03:06	1362.33	1363.27	3.1542
2026.08.06 03:08	1340.73	1366.11	3.1476
2026.08.06 03:47	1340.73	1343.71	3.2001
2026.08.06 03:49	1340.73	1340.73	0.0000
2026.08.07 09:33	1340.66	1349.36	3.1874
2026.08.07 09:35	1344.14	1353.38	3.1780
2026.08.07 09:37	1344.14	1341.33	3.2065
2026.08.07 10:31	1344.14	1344.14	0.0000
2026.08.10 19:31	1344.07	1353.05	3.2290
2026.08.10 19:47	1362.59	1349.07	3.2385
2026.08.10 20:52	1362.59	1370.32	3.1883
2026.08.10 21:07	1362.59	1362.59	0.0000
2026.08.11 02:16	1362.52	1362.49	3.2411
2026.08.11 02:19	1369.67	1359.85	3.2474
2026.08.11 02:57	1369.67	1378.16	3.2043
2026.08.11 03:10	1369.67	1369.67	0.0000
2026.08.12 13:31	1346.48	1346.48	0.0000
2026.08.12 15:22	1346.41	1345.00	3.2996
2026.08.12 15:52	1324.00	1326.39	3.3459
2026.08.12 16:05	1324.00	1324.00	0.0000
2026.08.13 01:34	1323.93	1332.92	3.3295
2026.08.13 02:29	1304.92	1305.52	3.3994
2026.08.13 02:30	1304.92	1304.92	0.0000
2026.08.19 14:13	1304.85	1313.68	3.3851
2026.08.19 14:34	1312.47	1323.85	3.3591
2026.08.19 14:36	1312.47	1312.47	0.0000
2026.08.19 19:06	1312.40	1305.38	3.4450
2026.08.19 19:09	1289.83	1305.78	3.4439
2026.08.19 19:28	1289.83	1292.29	3.4799
2026.08.19 19:29	1289.83	1289.83	0.0000
2026.08.21 02:35	1289.76	1288.38	3.5230
2026.08.21 03:13	1288.59	1269.65	3.5750
2026.08.21 05:30	1288.59	1298.84	3.4947
2026.08.21 06:03	1288.59	1288.59	0.0000
2026.08.21 12:22	1288.52	1288.21	3.5701
2026.08.21 12:38	1265.44	1292.13	3.5592
2026.08.21 13:35	1265.44	1267.25	3.6291
2026.08.21 13:36	1265.44	1265.44	0.0000
2026.08.21 15:28	1265.37	1265.55	3.6364
2026.08.21 15:40	1289.20	1245.53	3.6948
2026.08.21 18:09	1289.20	1294.85	3.5541
2026.08.21 18:13	1289.20	1289.20	0.0000
2026.08.24 07:16	1289.13	1290.83	3.6054
2026.08.24 07:19	1265.64	1294.21	3.5960
2026.08.24 08:50	1265.64	1266.51	3.6747
2026.08.24 08:51	1265.64	1265.64	0.0000
2026.08.24 12:36	1265.57	1260.36	3.6950
2026.08.24 13:33	1276.11	1256.49	3.7064
2026.08.24 14:35	1276.11	1288.62	3.6139
2026.08.24 14:40	1276.11	1276.11	0.0000
2026.08.24 15:37	1276.04	1276.07	3.6659
2026.08.24 16:46	1252.61	1253.01	3.7334
2026.08.24 16:49	1252.61	1252.61	0.0000
2026.08.25 00:51	1252.54	1256.41	3.7233
2026.08.25 01:05	1251.57	1251.89	3.7368
2026.08.25 01:15	1251.57	1265.13	3.6976
2026.08.25 01:27	1251.57	1251.57	0.0000
2026.09.10 00:05	1251.57	1251.57	0.0000
2026.09.25 20:51	1251.57	1251.57	0.0000
2026.09.27 23:59	1251.57	1251.57	0.0000
