t_in,side,vol,entry,strat,t_out,exit,pl,why,mv%,hold
2025-01-02 08:45:56,buy,0.01,2637.51,A,2025-01-02 10:45:29,2643.23,5.72,sl,0.21687121565415104,119.55
2025-01-02 08:46:08,buy,0.02,2637.86,B,2025-01-02 10:45:29,2643.23,10.74,sl,0.20357410931588069,119.35
2025-01-07 13:57:55,buy,0.02,2664.09,B,2025-01-07 15:00:00,2654.29,-19.6,sl,-0.36785544031921524,62.083333333333336
2025-01-07 13:57:53,buy,0.01,2663.7,A,2025-01-07 15:01:08,2650.36,-13.34,sl,-0.5008071479520851,63.25
2025-01-08 14:03:45,buy,0.01,2663.69,A,2025-01-08 15:52:32,2664.21,0.52,sl,0.019521791199425678,108.78333333333333
2025-01-08 14:04:10,buy,0.02,2664.12,B,2025-01-08 17:21:33,2667.41,6.58,sl,0.12349293575364337,197.38333333333333
2025-01-09 10:44:41,buy,0.01,2668.39,A,2025-01-09 11:30:30,2668.91,0.52,sl,0.019487406263701403,45.81666666666667
2025-01-10 06:34:20,buy,0.01,2676.63,A,2025-01-10 09:42:56,2679.1,2.47,sl,0.0922802180353579,188.6
2025-01-10 06:42:49,buy,0.02,2677.03,B,2025-01-10 10:31:05,2680.02,5.98,sl,0.11169094108021879,228.26666666666668
2025-01-15 20:54:01,buy,0.01,2696.2,A,2025-01-16 01:50:16,2698.07,1.87,sl,0.06935687263557398,296.25
2025-01-16 00:16:58,buy,0.02,2696.58,B,2025-01-16 01:50:16,2698.07,2.98,sl,0.05525517507362053,93.3
2025-01-16 08:15:41,buy,0.01,2700.55,A,2025-01-16 10:27:11,2707.25,6.7,sl,0.24809760974615608,131.5
2025-01-21 02:32:37,buy,0.01,2723.13,A,2025-01-21 04:42:54,2723.64,0.51,sl,0.018728448513283005,130.28333333333333
2025-01-21 02:37:05,buy,0.02,2723.48,B,2025-01-21 05:24:57,2726.8,6.64,sl,0.12190285957672403,167.86666666666667
2025-01-24 01:12:02,buy,0.01,2761.69,A,2025-01-24 03:16:16,2774.33,12.64,sl,0.4576907618161297,124.23333333333333
2025-01-24 01:59:01,buy,0.02,2762.14,B,2025-01-24 03:16:16,2774.33,24.38,sl,0.4413244802942666,77.25
2025-01-27 16:49:30,sell,0.02,2737.19,B,2025-01-27 17:24:00,2735.15,4.08,sl,0.07452898775751642,34.5
2025-01-30 13:42:26,buy,0.01,2784.21,A,2025-01-30 15:32:52,2788.72,4.51,sl,0.16198490774761112,110.43333333333334
2025-01-31 07:20:46,buy,0.01,2797.79,A,2025-01-31 12:56:17,2805.32,7.53,sl,0.2691410005754613,335.51666666666665
2025-01-31 07:24:09,buy,0.02,2798.21,B,2025-01-31 12:56:17,2805.32,14.22,sl,0.25409100818023406,332.1333333333333
2025-02-03 14:19:27,buy,0.01,2815.4,A,2025-02-03 15:05:15,2825.28,9.88,sl,0.3509270441145169,45.8
2025-02-03 14:32:08,buy,0.02,2815.85,B,2025-02-03 15:05:15,2825.28,18.86,sl,0.33488999769164873,33.11666666666667
2025-02-04 13:21:32,buy,0.01,2829.26,A,2025-02-04 13:50:12,2833.49,4.23,sl,0.14950905890584687,28.666666666666668
2025-02-04 13:21:35,buy,0.02,2829.77,B,2025-02-04 13:52:18,2831.09,2.64,sl,0.04664690063150587,30.716666666666665
2025-02-05 00:30:57,buy,0.02,2843.98,B,2025-02-05 00:59:03,2844.43,0.9,sl,0.015822896082244534,28.1
2025-02-05 00:30:24,buy,0.01,2843.53,A,2025-02-05 01:02:15,2844.06,0.53,sl,0.01863880458443362,31.85
2025-02-10 06:28:40,buy,0.01,2884.97,A,2025-02-10 07:47:15,2892.19,7.22,sl,0.2502625677216836,78.58333333333333
2025-02-10 06:36:11,buy,0.02,2885.39,B,2025-02-10 07:47:15,2892.19,13.6,sl,0.23567004806976463,71.06666666666666
2025-02-19 01:50:41,buy,0.02,2938.65,B,2025-02-19 02:48:33,2928.25,-20.8,sl,-0.3539040035390431,57.86666666666667
2025-02-19 09:15:14,buy,0.01,2941.1,A,2025-02-19 11:38:24,2941.67,0.57,sl,0.01938050389310679,143.16666666666666
2025-02-20 05:20:44,buy,0.01,2945.05,A,2025-02-20 07:43:15,2948.3,3.25,sl,0.1103546629089489,142.51666666666668
2025-02-20 05:51:23,buy,0.02,2945.52,B,2025-02-20 07:43:15,2948.3,5.56,sl,0.09438061870230723,111.86666666666666
2025-02-24 13:53:56,buy,0.02,2953.52,B,2025-02-24 14:26:41,2942.94,-21.16,sl,-0.35821663642026896,32.75
2025-02-24 13:51:42,buy,0.01,2952.97,A,2025-02-24 14:35:42,2938.13,-14.84,sl,-0.5025448954781014,44.0
2025-02-25 16:08:58,sell,0.02,2888.51,A,2025-02-25 17:17:13,2897.13,42.04,sl,-0.2984237548078383,68.25
2025-02-25 15:21:25,sell,0.02,2918.15,B,2025-02-25 17:44:51,2903.7,-30.38,sl,0.4951767386871913,143.43333333333334
2025-02-27 05:38:45,sell,0.02,2889.66,B,2025-02-27 08:19:50,2889.08,1.16,sl,0.020071565512895195,161.08333333333334
2025-02-27 05:37:02,sell,0.01,2890.15,A,2025-02-27 08:43:26,2885.49,4.66,sl,0.16123730602218947,186.4
2025-02-28 03:21:04,sell,0.01,2869.67,A,2025-02-28 04:40:05,2860.75,8.92,sl,0.31083713458342155,79.01666666666667
2025-02-28 03:21:13,sell,0.02,2869.27,B,2025-02-28 04:40:05,2860.75,17.04,sl,0.2969396396992957,78.86666666666666
2025-03-04 09:27:13,buy,0.02,2919.35,B,2025-03-04 12:34:40,2919.8,0.9,sl,0.015414390189606345,187.45
2025-03-05 16:17:58,buy,0.02,2926.41,B,2025-03-05 17:47:24,2916.08,-20.66,sl,-0.3529922328040134,89.43333333333334
2025-03-10 17:10:28,sell,0.02,2892.67,B,2025-03-10 18:31:32,2884.66,16.02,sl,0.27690680236598775,81.06666666666666
2025-03-11 01:04:31,sell,0.02,2880.36,B,2025-03-11 02:09:03,2891.84,-22.96,sl,-0.398561290949743,64.53333333333333
2025-03-12 15:51:10,buy,0.01,2928.43,A,2025-03-12 16:44:05,2934.76,6.33,sl,0.216156780254279,52.916666666666664
2025-03-12 15:55:31,buy,0.02,2929.02,B,2025-03-12 16:44:05,2934.76,11.48,sl,0.19596998313429873,48.56666666666667
2025-03-18 00:31:53,buy,0.02,3003.51,B,2025-03-18 02:03:36,3003.89,0.76,sl,0.012651863985791767,91.71666666666667
2025-03-18 00:31:22,buy,0.01,3003.15,A,2025-03-18 02:03:36,3003.69,0.54,sl,0.017981119824183392,92.23333333333333
2025-03-19 03:44:40,buy,0.01,3036.34,A,2025-03-19 06:10:01,3042.77,6.43,sl,0.2117681155601756,145.35
2025-03-19 03:48:15,buy,0.02,3036.79,B,2025-03-19 06:11:42,3041.51,9.44,sl,0.15542727682850163,143.45
2025-03-21 14:09:36,sell,0.02,3000.72,B,2025-03-21 14:46:03,3011.51,-21.58,sl,-0.3595803673785098,36.45
2025-03-27 04:27:26,buy,0.02,3036.71,B,2025-03-27 10:57:18,3051.43,29.44,sl,0.4847351245262076,389.8666666666667
2025-03-27 10:36:51,buy,0.01,3055.68,A,2025-03-27 13:22:04,3040.16,-15.52,sl,-0.5079065870771803,165.21666666666667
2025-03-28 00:05:25,buy,0.01,3057.7,A,2025-03-28 02:31:05,3073.6,15.9,sl,0.5199986918271934,145.66666666666666
2025-03-28 00:05:50,buy,0.02,3058.18,B,2025-03-28 02:31:05,3073.6,30.84,sl,0.5042214650543811,145.25
2025-03-31 13:57:42,buy,0.02,3126.62,B,2025-03-31 14:05:40,3115.61,-22.02,sl,-0.3521374519449042,7.966666666666667
2025-03-31 13:30:06,buy,0.01,3126.08,A,2025-03-31 14:34:13,3110.4,-15.68,sl,-0.5015866516531835,64.11666666666666
2025-04-01 00:45:05,buy,0.02,3126.55,B,2025-04-01 02:05:41,3127.18,1.26,sl,0.020150005597212722,80.6
2025-04-01 00:35:29,buy,0.01,3126.11,A,2025-04-01 02:05:47,3126.73,0.62,sl,0.019832955334261777,90.3
2025-04-02 23:16:32,buy,0.02,3147.69,B,2025-04-02 23:25:46,3136.28,-22.82,sl,-0.36248804678986346,9.233333333333333
2025-04-02 23:16:17,buy,0.01,3146.97,A,2025-04-03 01:05:40,3159.5,12.53,sl,0.39816077051895005,109.38333333333334
2025-04-03 13:28:30,sell,0.02,3075.03,B,2025-04-03 13:51:13,3074.42,1.22,sl,0.019837204840282122,22.716666666666665
2025-04-04 16:36:54,sell,0.01,3021.54,A,2025-04-04 17:42:24,3036.71,-15.17,sl,-0.5020618624939625,65.5
2025-04-07 17:48:38,sell,0.01,2973.01,A,2025-04-07 18:25:16,2970.82,2.19,sl,0.073662718927957,36.63333333333333
2025-04-07 17:49:02,sell,0.02,2972.51,B,2025-04-07 18:25:16,2970.82,3.38,sl,0.05685430831183257,36.233333333333334
2025-04-10 13:30:02,buy,0.02,3131.39,B,2025-04-10 13:36:09,3119.84,-23.1,sl,-0.3688457841405806,6.116666666666666
2025-04-10 16:25:07,buy,0.01,3165.91,A,2025-04-10 16:32:47,3166.38,0.47,sl,0.014845652592785478,7.666666666666667
2025-04-14 02:03:11,buy,0.02,3243.9,B,2025-04-14 02:34:06,3232.46,-22.88,sl,-0.35266191929467783,30.916666666666668
2025-04-14 01:55:11,buy,0.01,3243.35,A,2025-04-14 03:03:28,3227.06,-16.29,sl,-0.5022584673254494,68.28333333333333
2025-04-15 23:21:49,buy,0.01,3243.72,A,2025-04-15 23:37:34,3244.12,0.4,sl,0.012331520599807966,15.75
2025-04-15 23:36:07,buy,0.02,3244.19,B,2025-04-16 01:28:47,3266.47,44.56,sl,0.6867661881702288,112.66666666666667
2025-04-21 00:03:44,buy,0.01,3354.1,A,2025-04-21 01:21:29,3369.27,15.17,sl,0.4522822813869614,77.75
2025-04-21 00:05:23,buy,0.02,3354.64,B,2025-04-21 01:21:29,3369.27,29.26,sl,0.43611236973267203,76.1
2025-04-23 13:38:48,sell,0.02,3285.63,B,2025-04-23 13:40:55,3285.04,1.18,sl,0.017956982374769694,2.1166666666666667
2025-05-01 00:24:30,sell,0.01,3260.39,A,2025-05-01 00:24:41,3259.79,0.6,sl,0.018402706424688737,0.18333333333333332
2025-05-01 00:20:02,sell,0.02,3266.36,B,2025-05-01 01:22:37,3246.63,39.46,sl,0.6040362972850518,62.583333333333336
2025-05-05 14:06:52,buy,0.02,3328.07,B,2025-05-05 14:12:13,3316.33,-23.48,sl,-0.35275700330823073,5.35
2025-05-06 01:05:08,buy,0.01,3350.84,A,2025-05-06 01:28:43,3355.79,4.95,sl,0.14772415274975284,23.583333333333332
2025-05-06 12:36:16,buy,0.02,3385.51,B,2025-05-06 12:47:44,3386.17,1.32,sl,0.01949484715744022,11.466666666666667
2025-05-11 23:05:00,sell,0.02,3267.34,B,2025-05-11 23:57:11,3288.04,-41.4,sl,-0.6335428819773827,52.18333333333333
2025-05-14 12:17:57,sell,0.01,3209.69,A,2025-05-14 13:20:24,3186.44,23.25,sl,0.7243690200611274,62.45
2025-05-14 12:18:04,sell,0.02,3209.39,B,2025-05-14 13:20:24,3186.44,45.9,sl,0.7150891602453993,62.333333333333336
2025-05-20 12:34:58,buy,0.02,3248.29,B,2025-05-20 13:04:43,3236.74,-23.1,sl,-0.3555717008025817,29.75
2025-05-21 19:05:42,buy,0.02,3319.06,B,2025-05-21 19:52:27,3319.7,1.28,sl,0.019282567955983702,46.75
2025-05-21 19:04:17,buy,0.01,3318.49,A,2025-05-21 19:52:38,3319.11,0.62,sl,0.0186831962730141,48.35
2025-05-23 11:49:43,buy,0.02,3343.86,B,2025-05-23 11:51:54,3344.51,1.3,sl,0.01943861286058899,2.183333333333333
2025-05-23 11:49:40,buy,0.01,3343.36,A,2025-05-23 11:51:54,3343.93,0.57,sl,0.017048717457877973,2.2333333333333334
2025-05-28 20:51:18,sell,0.02,3287.02,B,2025-05-28 20:53:58,3286.39,1.26,sl,0.019166296523906428,2.6666666666666665
2025-06-02 06:16:47,buy,0.02,3329.43,B,2025-06-02 07:49:28,3353.43,48.0,sl,0.7208441084509962,92.68333333333334
2025-06-02 13:41:39,buy,0.01,3363.78,A,2025-06-02 14:10:11,3369.67,5.89,sl,0.17510063083792257,28.533333333333335
2025-06-05 09:30:13,buy,0.01,3389.95,A,2025-06-05 11:20:15,3398.53,8.58,sl,0.2531010781870052,110.03333333333333
2025-06-05 09:56:07,buy,0.02,3390.45,B,2025-06-05 11:20:15,3398.53,16.16,sl,0.2383164476691997,84.13333333333334
2025-06-12 01:22:23,buy,0.02,3374.09,B,2025-06-12 07:33:16,3362.09,-24.0,sl,-0.3556514497242219,370.8833333333333
2025-06-13 00:02:47,buy,0.01,3401.43,A,2025-06-13 00:14:49,3402.09,0.66,sl,0.019403603778419938,12.033333333333333
2025-06-13 13:26:14,buy,0.02,3442.8,B,2025-06-13 14:03:35,3430.72,-24.16,sl,-0.3508771929824672,37.35
2025-06-18 19:28:54,sell,0.02,3367.89,B,2025-06-18 20:40:26,3367.41,0.96,sl,0.014252246955809669,71.53333333333333
2025-06-19 05:52:06,sell,0.02,3364.2,B,2025-06-19 06:48:01,3353.95,20.5,sl,0.30467867546519234,55.916666666666664
2025-06-20 03:09:52,sell,0.02,3349.22,B,2025-06-20 06:16:03,3348.62,1.2,sl,0.017914618926195027,186.18333333333334
2025-06-23 23:56:44,sell,0.01,3341.91,A,2025-06-24 00:10:51,3341.32,0.59,sl,0.01765457477908414,14.116666666666667
2025-06-23 23:56:44,sell,0.02,3341.91,B,2025-06-24 00:10:51,3341.32,1.18,sl,0.01765457477908414,14.116666666666667
2025-06-27 03:46:02,sell,0.02,3297.19,B,2025-06-27 04:39:38,3296.54,1.3,sl,0.01971375625912037,53.6
2025-06-27 03:45:39,sell,0.01,3297.69,A,2025-06-27 04:40:49,3297.03,0.66,sl,0.020014009806860394,55.166666666666664
2025-07-01 10:47:44,buy,0.02,3348.73,B,2025-07-01 13:05:03,3352.14,6.82,sl,0.10182964885194848,137.31666666666666
2025-07-03 05:54:36,buy,0.01,3360.42,A,2025-07-03 11:52:34,3343.38,-17.04,sl,-0.50707947220883,357.96666666666664
2025-07-07 02:12:29,sell,0.02,3313.36,B,2025-07-07 02:26:33,3312.7,1.32,sl,0.019919356785870212,14.066666666666666
2025-07-08 15:37:22,sell,0.02,3298.06,B,2025-07-08 16:28:38,3297.4,1.32,sl,0.020011764491848376,51.266666666666666
2025-07-09 03:50:10,sell,0.02,3288.86,B,2025-07-09 09:46:13,3288.23,1.26,sl,0.01915557366382604,356.05
2025-07-11 11:26:04,buy,0.02,3344.19,B,2025-07-11 13:14:49,3344.86,1.34,sl,0.020034746829578245,108.75
2025-07-11 15:53:07,buy,0.01,3361.54,A,2025-07-11 16:36:15,3362.82,1.28,sl,0.03807778577676304,43.13333333333333
2025-07-14 08:10:38,buy,0.02,3372.48,B,2025-07-14 13:20:16,3360.2,-24.56,sl,-0.3641237309042663,309.6333333333333
2025-07-14 08:10:16,buy,0.01,3372.06,A,2025-07-14 13:32:13,3355.05,-17.01,sl,-0.5044394227860645,321.95
2025-07-16 15:17:09,sell,0.02,3321.91,B,2025-07-16 15:54:12,3333.67,-23.52,sl,-0.3540132032475359,37.05
2025-07-16 16:30:23,buy,0.02,3373.35,B,2025-07-16 16:42:12,3361.45,-23.8,sl,-0.35276505550862175,11.816666666666666
2025-07-16 16:30:23,buy,0.01,3372.99,A,2025-07-16 16:46:45,3355.94,-17.05,sl,-0.5054862303178997,16.366666666666667
2025-07-17 13:30:34,sell,0.02,3318.92,B,2025-07-17 13:34:49,3318.31,1.22,sl,0.01837947284056643,4.25
2025-07-21 12:58:42,buy,0.01,3375.31,A,2025-07-21 14:00:34,3384.92,9.61,sl,0.28471458917847925,61.86666666666667
2025-07-21 12:59:42,buy,0.02,3375.8,B,2025-07-21 14:00:34,3384.92,18.24,sl,0.27015818472658004,60.86666666666667
2025-07-22 13:28:30,buy,0.01,3400.56,A,2025-07-22 13:50:13,3401.2,0.64,sl,0.018820429576301333,21.716666666666665
2025-07-22 13:30:00,buy,0.02,3401.06,B,2025-07-22 14:55:14,3415.67,29.22,sl,0.4295719569781223,85.23333333333333
2025-07-23 01:09:38,buy,0.02,3431.91,B,2025-07-23 01:29:59,3432.56,1.3,sl,0.01893989061484978,20.35
2025-07-23 01:04:31,buy,0.01,3431.39,A,2025-07-23 01:31:29,3432.08,0.69,sl,0.020108469162644135,26.966666666666665
2025-07-25 08:40:06,sell,0.02,3353.08,B,2025-07-25 10:17:52,3346.65,12.86,sl,0.19176399012250936,97.76666666666667
2025-07-28 13:49:07,sell,0.01,3326.03,A,2025-07-28 15:15:20,3309.1,16.93,sl,0.5090152524180567,86.21666666666667
2025-07-28 14:32:47,sell,0.02,3325.55,B,2025-07-28 15:15:20,3309.1,32.9,sl,0.4946550194704717,42.55
2025-07-30 14:31:37,sell,0.01,3303.96,A,2025-07-30 15:00:00,3303.33,0.63,sl,0.019068027457962843,28.383333333333333
2025-07-30 14:31:38,sell,0.02,3303.45,B,2025-07-30 16:44:38,3293.49,19.92,sl,0.3015029741633758,133.0
2025-08-01 13:37:11,buy,0.02,3332.67,B,2025-08-01 13:50:00,3343.23,21.12,,0.3168630557480922,12.816666666666666
2025-08-04 12:06:36,buy,0.02,3362.76,B,2025-08-04 13:11:57,3368.33,11.14,sl,0.16563774994349012,65.35
2025-08-04 14:01:44,buy,0.01,3370.54,A,2025-08-04 15:06:27,3380.2,9.66,sl,0.28660096008354313,64.71666666666667
2025-08-05 15:40:06,buy,0.01,3383.81,A,2025-08-05 17:16:46,3384.47,0.66,sl,0.019504641218030992,96.66666666666667
2025-08-05 15:40:06,buy,0.02,3383.81,B,2025-08-05 17:16:46,3384.47,1.32,sl,0.019504641218030992,96.66666666666667
2025-08-07 20:32:03,buy,0.02,3395.84,B,2025-08-07 21:48:52,3396.49,1.3,sl,0.019141066716913523,76.81666666666666
2025-08-07 20:31:22,buy,0.01,3395.29,A,2025-08-07 21:49:27,3395.97,0.68,sl,0.020027744316386414,78.08333333333333
2025-08-11 08:10:06,sell,0.02,3359.68,B,2025-08-11 10:22:05,3359.01,1.34,sl,0.019942375464318568,131.98333333333332
2025-08-12 07:22:44,sell,0.02,3342.93,B,2025-08-12 08:36:17,3354.74,-23.62,sl,-0.3532828985351158,73.55
2025-08-12 07:22:41,sell,0.01,3343.44,A,2025-08-12 12:39:02,3342.83,0.61,sl,0.018244682123804444,316.35
2025-08-14 17:16:06,sell,0.02,3331.82,B,2025-08-15 04:48:58,3344.5,-25.36,sl,-0.38057278004213424,692.8666666666667
2025-08-14 17:13:21,sell,0.01,3333.28,A,2025-08-18 01:03:11,3328.84,4.44,sl,0.13320213123410138,4789.833333333333
2025-08-18 00:12:10,sell,0.02,3331.41,B,2025-08-18 01:06:07,3330.81,1.2,sl,0.018010391996179067,53.95
2025-08-19 15:44:37,sell,0.01,3325.73,A,2025-08-19 18:07:09,3318.87,6.86,sl,0.20627050301738648,142.53333333333333
2025-08-19 15:47:03,sell,0.02,3324.23,B,2025-08-19 18:07:09,3318.87,10.72,sl,0.16124034738872242,140.1
2025-08-22 15:02:16,buy,0.02,3350.55,B,2025-08-22 15:04:11,3351.15,1.2,sl,0.01790750772260999,1.9166666666666667
2025-08-22 15:19:32,buy,0.01,3367.22,A,2025-08-22 16:42:27,3375.54,8.32,sl,0.24708810235149958,82.91666666666667
2025-08-26 01:22:45,buy,0.01,3376.67,A,2025-08-26 02:01:26,3381.91,5.24,sl,0.1551824726727747,38.68333333333333
2025-08-26 01:22:45,buy,0.02,3377.28,B,2025-08-26 02:01:26,3381.91,9.26,sl,0.13709257153684784,38.68333333333333
2025-08-27 17:30:18,buy,0.01,3391.42,A,2025-08-27 19:09:00,3392.83,1.41,sl,0.04157550524558605,98.7
2025-08-27 17:33:08,buy,0.02,3391.93,B,2025-08-27 19:09:50,3392.61,1.36,sl,0.020047583529149808,96.7
2025-08-28 08:15:32,buy,0.01,3397.18,A,2025-08-28 12:59:47,3404.09,6.91,sl,0.2034039997880686,284.25
2025-08-28 08:16:01,buy,0.02,3397.66,B,2025-08-28 12:59:47,3404.09,12.86,sl,0.18924789413891593,283.76666666666665
2025-08-29 14:34:49,buy,0.01,3421.06,A,2025-08-29 15:45:04,3435.92,14.86,sl,0.4343682952067525,70.25
2025-08-29 14:35:23,buy,0.02,3421.58,B,2025-08-29 15:45:04,3435.92,28.68,sl,0.41910462417947697,69.68333333333334
2025-09-02 02:13:48,buy,0.01,3487.63,A,2025-09-02 02:49:33,3495.12,7.49,sl,0.2147590197354588,35.75
2025-09-02 02:14:02,buy,0.02,3488.23,B,2025-09-02 02:49:33,3495.12,13.78,sl,0.1975213790375025,35.516666666666666
2025-09-03 12:12:21,buy,0.01,3544.64,A,2025-09-03 14:36:29,3554.01,9.37,sl,0.26434278234179903,144.13333333333333
2025-09-03 12:12:23,buy,0.02,3545.24,B,2025-09-03 14:36:29,3554.01,17.54,sl,0.24737394365403859,144.1
2025-09-05 13:31:49,buy,0.02,3576.78,B,2025-09-05 13:34:15,3577.49,1.42,sl,0.01985025637583473,2.433333333333333
2025-09-05 13:31:47,buy,0.01,3576.21,A,2025-09-05 13:34:16,3576.21,0.0,sl,0.0,2.4833333333333334
2025-09-08 07:45:20,buy,0.01,3597.9,A,2025-09-08 08:49:52,3608.79,10.89,sl,0.3026765613274375,64.53333333333333
2025-09-08 07:45:33,buy,0.02,3598.42,B,2025-09-08 08:49:52,3608.79,20.74,sl,0.28818203544888843,64.31666666666666
2025-09-09 02:20:49,buy,0.02,3644.14,A,2025-09-09 03:35:40,3651.38,14.48,sl,0.19867513322759928,74.85
2025-09-09 02:20:50,buy,0.02,3644.67,B,2025-09-09 03:35:40,3651.38,13.42,sl,0.18410445938864248,74.83333333333333
2025-09-15 16:49:36,buy,0.02,3672.25,A,2025-09-15 14:59:32,3656.5,1.42,sl,-0.42889236843896794,-110.06666666666666
2025-09-15 14:35:35,buy,0.02,3655.79,B,2025-09-15 17:38:01,3681.23,17.96,sl,0.6958824221303755,182.43333333333334
2025-09-16 01:29:45,buy,0.02,3683.34,A,2025-09-16 02:01:47,3684.62,1.44,sl,0.034751068323851324,32.03333333333333
2025-09-16 01:30:00,buy,0.02,3683.9,B,2025-09-16 02:02:17,3684.05,1.42,sl,0.0040717717636225455,32.28333333333333
2025-09-17 19:08:27,buy,0.02,3700.85,A,2025-09-17 19:10:17,3701.99,1.2,sl,0.03080373427725719,1.8333333333333333
2025-09-17 19:08:51,buy,0.02,3701.39,B,2025-09-17 19:10:19,3701.47,1.24,sl,0.0021613501954651426,1.4666666666666666
2025-09-18 14:45:05,sell,0.02,3628.39,B,2025-09-18 14:52:20,3641.15,-25.52,sl,-0.3516711268634358,7.25
2025-09-22 07:25:52,buy,0.02,3705.22,A,2025-09-22 08:01:58,3713.25,16.06,sl,0.21672127431030278,36.1
2025-09-22 07:27:53,buy,0.02,3705.88,B,2025-09-22 08:01:58,3713.25,14.74,sl,0.19887314214167462,34.083333333333336
2025-09-23 09:17:19,buy,0.02,3756.9,A,2025-09-23 10:36:58,3782.96,52.12,sl,0.6936570044451528,79.65
2025-09-23 09:18:05,buy,0.02,3757.5,B,2025-09-23 10:36:58,3782.96,50.92,sl,0.6775781769793755,78.88333333333334
2025-09-29 03:19:28,buy,0.03,3789.53,B,2025-09-29 03:47:13,3790.16,1.89,sl,0.01662475293769028,27.75
2025-09-29 03:18:59,buy,0.02,3788.73,A,2025-09-29 03:47:19,3789.24,1.02,sl,0.013460975049680593,28.333333333333332
2025-10-02 14:24:11,buy,0.02,3892.81,A,2025-10-02 14:49:41,3879.73,-27.72,sl,-0.3360040690401003,25.5
2025-10-02 14:24:22,buy,0.02,3893.59,B,2025-10-02 15:00:25,3873.14,-39.34,sl,-0.5252222242198145,36.05
2025-10-05 23:44:10,buy,0.01,3894.38,A,2025-10-06 00:53:24,3908.07,13.69,sl,0.3515322079509461,69.23333333333333
2025-10-05 23:47:41,buy,0.02,3894.97,B,2025-10-06 00:53:24,3908.07,26.2,sl,0.3363312169285094,65.71666666666667
2025-10-06 15:00:41,buy,0.02,3947.19,A,2025-10-06 16:00:30,3953.74,13.1,sl,0.16594083385901684,59.81666666666667
2025-10-06 15:01:16,buy,0.02,3947.66,B,2025-10-06 16:00:30,3953.74,12.16,sl,0.1540152900705716,59.233333333333334
2025-10-07 13:49:22,buy,0.02,3974.97,A,2025-10-07 14:22:02,3980.83,11.72,sl,0.14742249627041532,32.666666666666664
2025-10-07 13:52:08,buy,0.02,3975.52,B,2025-10-07 14:22:02,3980.83,10.62,sl,0.1335674326880495,29.9
2025-10-09 14:08:38,buy,0.02,4056.76,A,2025-10-09 14:39:48,4043.0,-28.62,sl,-0.3391869373588829,31.166666666666668
2025-10-09 14:08:43,buy,0.02,4057.31,B,2025-10-09 14:43:00,4035.98,-41.56,sl,-0.5257177785281364,34.28333333333333
2025-10-13 00:08:26,buy,0.02,4058.01,B,2025-10-13 00:14:16,4041.33,-33.36,sl,-0.41103890823335304,5.833333333333333
2025-10-13 00:08:24,buy,0.01,4056.81,A,2025-10-13 00:55:21,4036.3,-20.51,sl,-0.5055696470872376,46.95
2025-10-15 02:06:24,buy,0.02,4177.92,B,2025-10-15 02:15:02,4178.76,1.68,sl,0.020105698529415246,8.633333333333333
2025-10-15 02:06:21,buy,0.01,4177.2,A,2025-10-15 02:17:55,4177.86,0.66,sl,0.0158000574547509,11.566666666666666
2025-10-16 00:00:21,buy,0.01,4215.54,A,2025-10-16 01:47:46,4218.81,3.27,sl,0.07757013336370754,107.41666666666667
2025-10-16 01:15:11,buy,0.02,4216.15,B,2025-10-16 01:47:46,4218.81,5.32,sl,0.06309073443783461,32.583333333333336
2025-10-20 20:55:48,buy,0.02,4377.84,B,2025-10-20 21:02:25,4362.0,-31.68,sl,-0.3618222685159838,6.616666666666666
2025-10-20 20:55:48,buy,0.01,4377.84,A,2025-10-20 21:16:47,4354.71,-23.13,sl,-0.5283427443670876,20.983333333333334
2025-10-22 01:02:19,sell,0.02,4071.43,A,2025-10-21 15:06:31,4184.67,7.64,sl,-2.7813323574272486,-595.8
2025-10-21 14:47:59,sell,0.02,4188.49,B,2025-10-22 01:02:21,4076.84,-10.82,sl,2.665638452043568,614.3666666666667
2025-10-22 01:00:33,sell,0.02,4083.61,B,2025-10-22 01:02:26,4088.35,-9.48,sl,-0.1160737680630565,1.8833333333333333
2025-10-27 14:07:25,sell,0.02,4006.32,B,2025-10-27 14:09:36,4005.57,1.5,sl,0.018720421733660817,2.183333333333333
2025-10-27 14:03:09,sell,0.01,4006.99,A,2025-10-27 14:09:46,4006.28,0.71,sl,0.01771903598460644,6.616666666666666
2025-10-28 00:21:05,sell,0.02,3972.98,B,2025-10-28 00:30:42,3987.31,-28.66,sl,-0.3606864368811302,9.616666666666667
2025-10-28 00:21:04,sell,0.01,3973.57,A,2025-10-28 00:33:08,3993.89,-20.32,sl,-0.5113789363217386,12.066666666666666
2025-11-04 21:38:40,sell,0.02,3930.67,B,2025-11-05 01:05:22,3944.44,-27.54,sl,-0.3503219552900646,206.7
2025-11-07 16:34:58,buy,0.02,4017.78,B,2025-11-07 16:43:01,4018.56,1.56,sl,0.019413706076483662,8.05
2025-11-10 01:22:13,buy,0.01,4043.68,A,2025-11-10 01:51:12,4048.58,4.9,sl,0.12117674989119047,28.983333333333334
2025-11-10 01:10:55,buy,0.02,4025.54,B,2025-11-10 01:51:12,4048.58,46.08,sl,0.5723455735131179,40.28333333333333
2025-11-11 13:36:33,buy,0.01,4146.56,A,2025-11-11 14:33:30,4125.28,-21.28,sl,-0.5131964809384322,56.95
2025-11-12 15:10:10,buy,0.02,4147.15,B,2025-11-12 17:17:24,4195.84,97.38,sl,1.1740592937318524,127.23333333333333
2025-11-12 15:10:10,buy,0.01,4147.15,A,2025-11-12 17:17:24,4195.84,48.69,sl,1.1740592937318524,127.23333333333333
2025-11-13 03:47:40,buy,0.02,4209.71,B,2025-11-13 04:23:01,4210.45,1.48,sl,0.0175784080138485,35.35
2025-11-13 03:47:08,buy,0.01,4209.09,A,2025-11-13 04:23:15,4209.86,0.77,sl,0.018293740452200523,36.11666666666667
2025-11-14 13:11:56,sell,0.02,4097.38,B,2025-11-14 14:20:27,4054.66,85.44,sl,1.0426174775100248,68.51666666666667
2025-11-17 19:35:24,sell,0.02,4033.45,B,2025-11-17 20:10:04,4022.07,22.76,sl,0.2821405992388564,34.666666666666664
2025-11-18 03:21:20,sell,0.02,4008.89,B,2025-11-18 03:39:36,4022.96,-28.14,sl,-0.3509699692433607,18.266666666666666
2025-11-24 20:33:57,buy,0.02,4130.94,B,2025-11-24 23:11:40,4131.85,1.82,sl,0.022028884466992117,157.71666666666667
2025-11-25 17:27:21,buy,0.02,4153.93,B,2025-11-25 18:38:42,4138.68,-30.5,sl,-0.3671222191996495,71.35
2025-11-25 17:11:17,buy,0.01,4153.41,A,2025-11-25 19:04:16,4132.22,-21.19,sl,-0.5101831988655009,112.98333333333333
2025-11-26 02:20:39,buy,0.01,4156.7,A,2025-11-26 03:30:55,4163.92,7.22,sl,0.17369547958717865,70.26666666666667
2025-11-26 02:21:37,buy,0.02,4157.32,B,2025-11-26 04:01:21,4164.34,14.04,sl,0.16885878402433388,99.73333333333333
2025-11-28 00:28:11,buy,0.01,4171.01,A,2025-11-28 01:58:02,4190.49,19.48,sl,0.46703316462918004,89.85
2025-11-28 00:28:13,buy,0.02,4171.37,B,2025-11-28 01:58:02,4190.49,38.24,sl,0.45836260029678244,89.81666666666666
2025-12-01 10:04:00,buy,0.02,4254.4,B,2025-12-01 10:21:05,4254.87,0.94,sl,0.01104738623543284,17.083333333333332
2025-12-01 10:03:51,buy,0.01,4253.83,A,2025-12-01 10:21:23,4254.67,0.84,sl,0.019746910431308856,17.533333333333335
2025-12-29 15:22:04,sell,0.02,4309.67,A,2025-12-08 15:22:31,4191.84,-29.6,sl,2.734084048198584,-30239.55
2025-12-08 15:15:38,sell,0.02,4177.04,B,2025-12-09 06:15:14,4176.27,1.68,sl,0.018434106448574277,899.6
2025-12-11 15:33:43,buy,0.02,4245.63,B,2025-12-11 16:00:12,4250.22,9.18,sl,0.10811116371422251,26.483333333333334
2025-12-11 15:50:03,buy,0.01,4256.64,A,2025-12-11 17:30:51,4274.74,18.1,sl,0.42521801232896017,100.8
2025-12-12 06:59:17,buy,0.01,4283.15,A,2025-12-12 09:31:10,4312.55,29.4,sl,0.6864107024036176,151.88333333333333
2025-12-18 16:10:16,buy,0.02,4348.1,B,2025-12-18 16:50:42,4363.74,31.28,sl,0.35969733906762535,40.43333333333333
2025-12-18 16:10:26,buy,0.01,4350.77,A,2025-12-18 16:50:42,4363.74,12.97,sl,0.2981081509709625,40.266666666666666
2025-12-22 01:00:30,buy,0.01,4371.8,A,2025-12-22 02:07:35,4379.92,8.12,sl,0.18573585250926142,67.08333333333333
2025-12-22 01:00:57,buy,0.02,4372.44,B,2025-12-22 02:07:35,4379.92,14.96,sl,0.17107152985519467,66.63333333333334
2025-12-23 13:16:20,buy,0.02,4495.65,B,2025-12-23 13:51:49,4479.81,-31.68,sl,-0.3523405959093621,35.483333333333334
2025-12-23 13:15:00,buy,0.01,4495.12,A,2025-12-23 14:03:57,4472.38,-22.74,sl,-0.5058819341864017,48.95
2025-12-26 01:02:30,buy,0.02,4523.73,B,2025-12-26 01:07:00,4524.58,1.7,sl,0.01878980398919396,4.5
2025-12-26 01:02:11,buy,0.01,4523.13,A,2025-12-26 01:07:01,4523.9,0.77,sl,0.017023609756949876,4.833333333333333
2025-12-09 06:04:53,sell,0.02,4177.11,B,2025-12-29 14:42:17,4358.06,146.12,tp,-4.331942419519733,29317.4
2025-12-29 13:42:31,sell,0.02,4431.12,B,2025-12-29 15:35:25,4333.09,-46.84,sl,2.2123074978786343,112.9
2025-12-31 05:50:44,sell,0.02,4299.2,A,2025-12-31 06:11:01,4298.35,1.7,sl,0.019771120208398177,20.283333333333335
2025-12-31 05:50:44,sell,0.03,4299.2,B,2025-12-31 06:11:01,4298.35,2.55,sl,0.019771120208398177,20.283333333333335
2026-01-09 14:36:45,buy,0.02,4497.78,A,2026-01-05 23:56:31,4437.06,-34.38,sl,-1.3499993330042677,-5200.233333333334
2026-01-05 23:02:00,buy,0.02,4454.25,B,2026-01-09 16:06:09,4508.85,22.14,sl,1.2257955884829177,5344.15
2026-01-09 15:04:03,buy,0.02,4498.5,B,2026-01-09 16:06:09,4508.85,20.7,sl,0.23007669223075164,62.1
2026-01-12 08:51:55,buy,0.01,4598.23,A,2026-01-12 14:02:52,4607.86,9.63,sl,0.209428410497085,310.95
2026-01-12 13:07:34,buy,0.02,4599.04,B,2026-01-12 14:02:52,4607.86,17.64,sl,0.19177915391037498,55.3
2026-01-13 14:45:12,buy,0.02,4627.34,A,2026-01-13 14:52:21,4628.14,1.6,sl,0.017288550225403404,7.15
2026-01-13 14:45:54,buy,0.02,4627.93,B,2026-01-13 15:17:54,4611.6,-32.66,sl,-0.3528575410604725,32.0
2026-01-14 05:01:38,buy,0.02,4632.38,B,2026-01-14 05:13:07,4633.24,1.72,sl,0.018564970922067547,11.483333333333333
2026-01-14 12:02:26,buy,0.01,4636.78,A,2026-01-14 14:48:24,4613.53,-23.25,sl,-0.5014255582537882,165.96666666666667
2026-01-16 15:29:00,sell,0.03,4570.87,B,2026-01-16 15:48:25,4569.96,2.73,sl,0.019908682592151044,19.416666666666668
2026-01-18 23:05:00,buy,0.01,4648.91,A,2026-01-18 23:06:48,4649.17,0.26,sl,0.00559270882852579,1.8
2026-01-18 23:05:00,buy,0.02,4648.91,B,2026-01-18 23:06:48,4649.17,0.52,sl,0.00559270882852579,1.8
2026-01-20 04:34:54,buy,0.01,4687.9,A,2026-01-20 05:30:41,4694.97,7.07,sl,0.1508137972226502,55.78333333333333
2026-01-20 04:35:18,buy,0.02,4688.37,B,2026-01-20 05:30:41,4694.97,13.2,sl,0.14077387236929603,55.38333333333333
2026-01-22 16:51:01,buy,0.01,4885.27,A,2026-01-22 18:25:18,4908.03,22.76,sl,0.4658903192658606,94.28333333333333
2026-01-22 17:22:55,buy,0.02,4887.8,B,2026-01-22 18:25:18,4908.03,40.46,sl,0.41388763861040884,62.38333333333333
2026-01-23 16:02:26,buy,0.01,4964.73,A,2026-01-23 16:45:44,4977.51,12.78,sl,0.2574158111317364,43.3
2026-01-23 16:02:26,buy,0.02,4965.37,B,2026-01-23 16:45:44,4977.51,24.28,sl,0.24449336101842012,43.3
2026-01-27 20:03:23,buy,0.01,5107.89,A,2026-01-27 21:23:19,5173.05,65.16,sl,1.2756735168533357,79.93333333333334
2026-01-27 20:03:25,buy,0.02,5108.75,B,2026-01-27 21:23:19,5173.05,128.6,sl,1.2586249082456604,79.9
2026-01-28 18:18:22,buy,0.02,5309.03,B,2026-01-28 18:29:07,5309.95,1.84,sl,0.017328965931631066,10.75
2026-01-28 18:18:19,buy,0.01,5308.06,A,2026-01-28 18:29:07,5308.68,0.62,sl,0.01168035025979154,10.8
2026-01-29 06:23:07,buy,0.01,5595.05,A,2026-01-29 06:47:40,5566.67,-28.38,sl,-0.507234072975221,24.55
2026-01-30 09:44:12,sell,0.02,4990.66,B,2026-01-30 09:47:15,4989.93,1.46,sl,0.01462732384092612,3.05
2026-02-11 10:40:53,buy,0.02,5085.12,B,2026-02-11 11:02:00,5091.57,12.9,sl,0.12684066452708723,21.116666666666667
2026-02-11 10:44:09,buy,0.01,5088.83,A,2026-02-11 11:02:32,5089.8,0.97,sl,0.019061355950193946,18.383333333333333
2026-02-12 16:14:19,sell,0.03,4970.4,B,2026-02-12 16:26:39,4888.86,244.62,tp,1.6405118300337993,12.333333333333334
2026-02-17 05:31:51,sell,0.02,4878.79,A,2026-02-17 05:32:30,4877.81,1.96,sl,0.020086947788274623,0.65
2026-02-17 05:31:51,sell,0.03,4878.79,B,2026-02-17 05:32:30,4877.81,2.94,sl,0.020086947788274623,0.65
2026-02-20 06:12:39,buy,0.03,5019.86,B,2026-02-20 06:33:17,5020.86,3.0,sl,0.019920874287330723,20.633333333333333
2026-02-23 14:34:16,buy,0.02,5173.54,A,2026-02-23 15:01:45,5187.58,28.08,sl,0.2713809113295724,27.483333333333334
2026-02-23 14:36:07,buy,0.03,5174.17,B,2026-02-23 15:01:45,5187.58,40.23,sl,0.2591720024660932,25.633333333333333
2026-02-27 16:10:56,buy,0.02,5247.68,A,2026-02-27 16:20:05,5248.68,2.0,sl,0.019056040002439174,9.15
2026-03-02 07:07:39,buy,0.03,5391.01,B,2026-03-02 07:08:29,5392.02,3.03,sl,0.0187348938325141,0.8333333333333334
2026-03-03 11:29:36,sell,0.03,5131.01,B,2026-03-03 11:29:54,5129.98,3.09,sl,0.020074020514492367,0.3
2026-03-03 11:31:27,sell,0.02,5095.84,A,2026-03-03 11:31:40,5096.34,-1.0,sl,-0.009811925021193758,0.21666666666666667
2026-03-10 08:40:32,buy,0.03,5194.43,B,2026-03-10 10:29:28,5174.13,-60.9,sl,-0.39080322576298426,108.93333333333334
2026-03-12 20:30:35,sell,0.03,5060.5,B,2026-03-12 20:49:26,5081.49,-62.97,sl,-0.4147811481078902,18.85
2026-03-13 14:55:22,sell,0.03,5057.24,B,2026-03-13 15:05:26,5056.3,2.82,sl,0.01858721357894029,10.066666666666666
2026-03-13 19:47:20,sell,0.02,5014.17,A,2026-03-15 23:55:14,4987.54,53.26,sl,0.5310948771182491,3127.9
2026-03-16 10:02:15,sell,0.03,4970.2,B,2026-03-16 10:26:50,4987.7,-52.5,sl,-0.3520985071023299,24.583333333333332
2026-03-16 10:01:41,sell,0.02,4970.94,A,2026-03-16 10:51:51,4995.81,-49.74,sl,-0.5003077888689222,50.166666666666664
2026-03-18 10:35:37,sell,0.03,4969.43,B,2026-03-18 10:36:18,4968.78,1.95,sl,0.013079970942352456,0.6833333333333333
2026-03-18 10:35:37,sell,0.02,4970.7,A,2026-03-18 10:36:24,4969.84,1.72,sl,0.017301386122672312,0.7833333333333333
2026-03-19 06:35:03,sell,0.02,4806.89,A,2026-03-19 06:36:15,4805.97,1.84,sl,0.01913919394868767,1.2
2026-03-19 06:35:03,sell,0.03,4806.44,B,2026-03-19 07:06:34,4773.74,98.1,sl,0.6803372142375609,31.516666666666666
2026-03-20 18:50:33,sell,0.02,4503.77,A,2026-03-20 19:00:02,4503.1,1.34,sl,0.014876425749984405,9.483333333333333
2026-03-20 18:50:33,sell,0.03,4503.77,B,2026-03-20 19:00:02,4503.1,2.01,sl,0.014876425749984405,9.483333333333333
2026-03-31 02:24:56,buy,0.03,4584.73,B,2026-03-31 03:01:24,4596.08,34.05,sl,0.2475609250708409,36.46666666666667
2026-03-31 15:00:37,buy,0.02,4616.51,A,2026-03-31 15:03:37,4617.06,1.1,sl,0.011913761694444112,3.0
2026-04-07 23:54:36,buy,0.02,4797.27,A,2026-04-08 00:35:00,4807.55,20.56,sl,0.21428854327564936,40.4
2026-04-07 23:54:37,buy,0.03,4799.73,B,2026-04-08 00:35:00,4807.55,23.46,sl,0.1629258312446871,40.38333333333333
2026-04-14 14:38:08,buy,0.03,4798.97,B,2026-04-14 15:20:24,4799.52,1.65,sl,0.01146079262842197,42.266666666666666
2026-04-15 02:16:08,buy,0.02,4854.53,A,2026-04-15 02:20:49,4854.57,0.08,sl,0.0008239726605863724,4.683333333333334
2026-04-17 14:10:50,buy,0.03,4868.86,B,2026-04-17 14:16:53,4869.8,2.82,sl,0.019306367404289905,6.05
2026-04-17 14:10:50,buy,0.02,4868.16,A,2026-04-17 14:16:53,4869.13,1.94,sl,0.019925392756200592,6.05
2026-04-20 00:43:13,sell,0.04,4749.51,B,2026-04-20 00:48:51,4748.63,3.52,sl,0.018528227122379132,5.633333333333334
2026-04-21 15:46:38,sell,0.03,4739.24,B,2026-04-21 15:54:39,4738.34,2.7,sl,0.018990386644264404,8.016666666666667
2026-04-21 18:12:22,sell,0.02,4703.41,A,2026-04-21 19:33:07,4702.58,1.66,sl,0.017646771172403156,80.75
2026-04-23 18:46:40,sell,0.03,4670.11,B,2026-04-23 18:53:08,4687.31,-51.6,sl,-0.3682996760247773,6.466666666666667
2026-04-23 18:45:26,sell,0.02,4671.28,A,2026-04-23 18:53:18,4695.25,-47.94,sl,-0.5131355859635958,7.866666666666666
2026-04-24 05:22:07,sell,0.03,4666.59,B,2026-04-24 05:37:20,4665.67,2.76,sl,0.019714609597159226,15.216666666666667
2026-04-24 05:22:00,sell,0.02,4667.36,A,2026-04-24 05:39:56,4666.52,1.68,sl,0.017997326111532774,17.933333333333334
2026-04-28 06:06:16,sell,0.02,4660.19,A,2026-04-28 06:23:18,4659.33,1.72,sl,0.018454183198532093,17.033333333333335
2026-04-28 06:06:16,sell,0.03,4660.19,B,2026-04-28 06:23:18,4659.33,2.58,sl,0.018454183198532093,17.033333333333335
2026-04-29 09:37:44,sell,0.02,4557.93,A,2026-04-29 10:20:09,4580.82,-45.78,sl,-0.5022016573312758,42.416666666666664
2026-04-29 10:50:11,sell,0.03,4557.0,B,2026-04-29 11:17:30,4573.26,-48.78,sl,-0.35681369321922796,27.316666666666666
2026-05-04 17:07:59,sell,0.03,4512.18,B,2026-05-04 17:09:44,4511.29,2.67,sl,0.019724390427694093,1.75
2026-05-04 17:07:59,sell,0.02,4512.69,A,2026-05-04 17:09:45,4511.83,1.72,sl,0.01905736932959438,1.7666666666666666
2026-05-06 06:56:28,buy,0.03,4658.06,B,2026-05-06 07:04:55,4658.92,2.58,sl,0.018462621778158127,8.45
2026-05-06 09:50:47,buy,0.02,4698.69,A,2026-05-06 10:02:25,4699.52,1.66,sl,0.017664497977113554,11.633333333333333
2026-05-07 02:52:39,buy,0.03,4720.85,B,2026-05-07 03:14:30,4704.07,-50.34,sl,-0.3554444644502718,21.85
2026-05-07 02:48:43,buy,0.02,4720.07,A,2026-05-07 05:15:20,4696.36,-47.42,sl,-0.502323058768197,146.61666666666667
2026-05-12 00:52:19,buy,0.02,4761.94,A,2026-05-12 01:00:49,4762.88,1.88,sl,0.01973985392509165,8.5
2026-05-12 00:52:19,buy,0.03,4763.15,B,2026-05-12 01:22:53,4764.1,2.85,sl,0.019944784438884512,30.566666666666666
2026-05-12 16:22:47,sell,0.03,4650.29,B,2026-05-12 16:25:35,4649.42,2.61,sl,0.018708510652021507,2.8
2026-05-15 01:25:18,sell,0.02,4641.08,A,2026-05-15 01:50:17,4627.7,26.76,sl,0.28829496582692193,24.983333333333334
2026-05-15 01:25:18,sell,0.03,4640.4,B,2026-05-15 01:50:17,4627.7,38.1,sl,0.27368330316351647,24.983333333333334
2026-05-18 01:29:26,sell,0.02,4514.77,A,2026-05-18 01:56:28,4496.57,36.4,sl,0.40312131072016355,27.033333333333335
2026-05-18 01:33:09,sell,0.03,4513.75,B,2026-05-18 01:56:28,4496.57,51.54,sl,0.38061478814733407,23.316666666666666
2026-05-19 14:31:21,sell,0.02,4482.68,A,2026-05-19 14:32:58,4481.97,1.42,sl,0.01583873932558283,1.6166666666666667
2026-05-19 14:31:21,sell,0.03,4482.68,B,2026-05-19 14:32:58,4481.97,2.13,sl,0.01583873932558283,1.6166666666666667
2026-05-20 02:36:09,sell,0.03,4466.87,B,2026-05-20 02:38:55,4466.01,2.58,sl,0.0192528549073439,2.7666666666666666
2026-05-20 02:32:04,sell,0.02,4467.7,A,2026-05-20 02:38:59,4467.01,1.38,sl,0.015444188284790829,6.916666666666667
2026-05-25 00:02:28,buy,0.03,4568.7,B,2026-05-25 00:51:41,4575.24,19.62,sl,0.14314794142753878,49.21666666666667
2026-05-26 00:10:34,buy,0.03,4577.78,B,2026-05-26 00:34:47,4561.51,-48.81,sl,-0.355412448828898,24.216666666666665
2026-05-26 18:59:04,sell,0.03,4490.84,B,2026-05-26 19:10:41,4489.95,2.67,sl,0.019818118659322696,11.616666666666667
2026-05-27 07:21:45,sell,0.03,4484.6,B,2026-05-27 09:00:50,4483.7,2.7,sl,0.020068679480902324,99.08333333333333
2026-05-27 11:46:17,sell,0.02,4456.18,A,2026-05-27 11:46:54,4455.32,1.72,sl,0.01929904088256269,0.6166666666666667
2026-05-28 03:03:15,sell,0.03,4403.65,B,2026-05-28 03:14:43,4402.77,2.64,sl,0.019983422842396643,11.466666666666667
2026-05-28 03:02:55,sell,0.02,4404.3,A,2026-05-28 03:15:06,4403.79,1.02,sl,0.011579592670803947,12.183333333333334
2026-05-29 16:04:57,buy,0.03,4578.2,B,2026-05-29 16:27:51,4579.09,2.67,sl,0.019439954567304345,22.9
2026-05-29 16:04:46,buy,0.02,4577.31,A,2026-05-29 16:35:00,4578.2,1.78,sl,0.019443734420421993,30.233333333333334
2026-06-03 09:51:47,sell,0.03,4449.97,B,2026-06-03 10:03:37,4449.08,2.67,sl,0.020000134832377014,11.833333333333334
2026-06-09 16:31:49,sell,0.02,4271.21,A,2026-06-09 16:32:20,4270.45,1.52,sl,0.017793552646679003,0.5166666666666667
2026-06-09 16:31:49,sell,0.03,4270.11,B,2026-06-09 16:33:16,4269.28,2.49,sl,0.019437438379805844,1.45
2026-06-17 17:22:45,buy,0.02,4366.53,A,2026-06-17 19:00:01,4371.68,10.3,sl,0.11794262263171318,97.26666666666667
2026-06-17 18:33:33,buy,0.03,4367.15,B,2026-06-17 19:00:01,4371.68,13.59,sl,0.1037289765636778,26.466666666666665
2026-06-18 17:35:59,sell,0.04,4221.25,B,2026-06-18 18:00:57,4220.46,3.16,sl,0.01871483565294554,24.966666666666665
2026-06-23 05:59:06,sell,0.04,4122.94,B,2026-06-23 06:01:05,4122.14,3.2,sl,0.01940362944887077,1.9833333333333334
2026-06-23 05:59:06,sell,0.02,4124.36,A,2026-06-23 06:01:20,4123.59,1.54,sl,0.018669563277684955,2.2333333333333334
2026-06-24 00:37:49,sell,0.04,4092.82,B,2026-06-24 00:46:07,4092.2,2.48,sl,0.015148479532457954,8.3
2026-06-24 00:37:49,sell,0.02,4093.17,A,2026-06-24 00:46:07,4092.83,0.68,sl,0.008306520374187866,8.3
2026-06-30 02:07:11,sell,0.04,3960.29,B,2026-06-30 02:08:40,3959.65,2.56,sl,0.01616043269558221,1.4833333333333334
2026-06-30 02:07:11,sell,0.02,3961.68,A,2026-06-30 02:08:41,3961.19,0.98,sl,0.012368490135492561,1.5
2026-07-01 14:44:49,buy,0.03,4094.64,B,2026-07-01 14:46:37,4095.32,2.04,sl,0.016607076568398955,1.8
2026-07-02 13:30:39,buy,0.02,4114.46,A,2026-07-02 13:30:51,4115.14,1.36,sl,0.01652707767241123,0.2
2026-07-02 13:30:39,buy,0.04,4114.46,B,2026-07-02 13:30:51,4115.14,2.72,sl,0.01652707767241123,0.2
2026-07-03 01:49:50,buy,0.02,4141.39,A,2026-07-03 02:41:03,4182.29,81.8,sl,0.9875911227872678,51.21666666666667
2026-07-03 01:51:06,buy,0.04,4142.0,B,2026-07-03 02:41:03,4182.29,161.16,sl,0.972718493481409,49.95
2026-07-06 00:28:04,buy,0.04,4193.43,B,2026-07-06 00:34:43,4194.12,2.76,sl,0.016454310671684035,6.65
2026-07-06 00:28:03,buy,0.03,4192.97,A,2026-07-06 00:34:45,4193.79,2.46,sl,0.01955654345248616,6.7
2026-07-08 09:56:36,sell,0.04,4058.59,B,2026-07-08 10:15:17,4057.86,2.92,sl,0.01798654212423571,18.683333333333334
2026-07-13 15:16:46,sell,0.03,4020.68,A,2026-07-13 15:18:57,4019.9,2.34,sl,0.019399703532729424,2.183333333333333
2026-07-13 15:16:46,sell,0.04,4020.68,B,2026-07-13 15:18:57,4019.9,3.12,sl,0.019399703532729424,2.183333333333333
2026-07-14 01:07:24,sell,0.04,3988.33,B,2026-07-14 01:34:06,4002.5,-56.68,sl,-0.355286548505266,26.7
2026-07-14 01:07:24,sell,0.03,3988.33,A,2026-07-14 02:58:16,4009.09,-62.28,sl,-0.5205186130535894,110.86666666666666
2026-07-16 14:02:39,sell,0.03,3983.26,A,2026-07-16 14:03:22,3982.57,2.07,sl,0.017322494640070057,0.7166666666666667
2026-07-16 14:02:39,sell,0.04,3983.26,B,2026-07-16 14:03:22,3982.57,2.76,sl,0.017322494640070057,0.7166666666666667
2026-07-17 13:43:03,sell,0.03,3971.92,A,2026-07-17 13:44:22,3971.13,2.37,sl,0.019889625168683246,1.3166666666666667
2026-07-17 13:43:03,sell,0.04,3968.67,B,2026-07-17 14:02:38,3967.92,3.0,sl,0.018898018731716166,19.583333333333332
2026-07-21 07:41:45,buy,0.04,4079.27,B,2026-07-21 09:21:02,4064.92,-57.4,sl,-0.35177862705827045,99.28333333333333
2026-07-22 01:30:14,buy,0.03,4101.18,A,2026-07-22 02:55:43,4118.07,50.67,sl,0.41183269205446765,85.48333333333333
2026-07-22 14:31:30,buy,0.04,4140.57,B,2026-07-22 14:34:42,4141.38,3.24,sl,0.019562524000328464,3.2
2026-07-28 10:57:43,sell,0.04,4023.67,B,2026-07-28 11:32:48,4022.89,3.12,sl,0.019385287560863593,35.083333333333336
2026-07-29 02:04:04,sell,0.04,4013.68,B,2026-07-29 02:38:01,4027.77,-56.36,sl,-0.3510494110143346,33.95
2026-07-29 20:01:48,buy,0.04,4114.17,B,2026-07-29 20:05:51,4099.74,-57.72,sl,-0.3507390312019263,4.05
2026-08-05 03:37:53,buy,0.03,4117.89,A,2026-08-05 04:29:29,4130.35,37.38,sl,0.30258214765328934,51.6
2026-08-05 03:37:54,buy,0.04,4118.46,B,2026-08-05 04:29:29,4130.35,47.56,sl,0.28870014519991277,51.583333333333336
2026-08-07 09:33:51,buy,0.04,4302.2,B,2026-08-07 09:36:50,4303.02,3.28,sl,0.019060015805881143,2.9833333333333334
2026-08-07 09:33:50,buy,0.02,4301.32,A,2026-08-07 09:36:52,4302.06,1.48,sl,0.017204021091215983,3.033333333333333
2026-08-10 19:31:20,buy,0.02,4368.98,A,2026-08-10 21:06:04,4387.5,37.04,sl,0.4238975687689218,94.73333333333333
2026-08-10 19:31:21,buy,0.04,4369.69,B,2026-08-10 21:06:04,4387.5,71.24,sl,0.407580400440315,94.71666666666667
2026-08-12 13:30:03,buy,0.04,4433.26,B,2026-08-12 13:30:06,4413.12,-80.56,sl,-0.4542932289105608,0.05
2026-08-12 13:30:03,buy,0.02,4432.69,A,2026-08-12 13:30:06,4409.57,-46.24,sl,-0.5215794472430937,0.05
2026-08-13 01:34:10,buy,0.03,4439.02,B,2026-08-13 01:38:25,4439.64,1.86,sl,0.013967046780593257,4.25
2026-08-13 01:34:10,buy,0.02,4438.26,A,2026-08-13 01:38:40,4439.02,1.52,sl,0.017123827806397512,4.5
2026-08-14 02:19:01,sell,0.04,4318.86,B,2026-08-14 03:27:10,4318.23,2.52,sl,0.014587182728778176,68.15
2026-08-19 13:56:32,buy,0.03,4434.76,B,2026-08-19 13:58:32,4435.59,2.49,sl,0.01871578168829716,2.0
2026-08-19 14:12:24,buy,0.02,4446.87,A,2026-08-19 14:35:43,4454.49,15.24,sl,0.17135648219983698,23.316666666666666
2026-08-20 16:01:27,buy,0.02,4523.2,A,2026-08-20 16:03:02,4523.99,1.58,sl,0.017465511142553142,1.5833333333333333
2026-08-20 16:01:27,buy,0.03,4523.2,B,2026-08-20 16:03:02,4523.99,2.37,sl,0.017465511142553142,1.5833333333333333
2026-08-21 02:34:58,buy,0.03,4538.76,B,2026-08-21 03:04:48,4522.71,-48.15,sl,-0.35362081273299717,29.833333333333332
2026-08-21 02:34:57,buy,0.02,4538.52,A,2026-08-21 06:01:03,4539.39,1.74,sl,0.019169244599558686,206.1
2026-08-24 01:05:08,buy,0.03,4630.01,B,2026-08-24 01:18:08,4630.83,2.46,sl,0.017710544901624596,13.0
2026-08-24 01:05:08,buy,0.02,4629.51,A,2026-08-24 01:18:54,4630.43,1.84,sl,0.019872513505750557,13.766666666666667
2026-08-25 00:50:15,buy,0.03,4678.78,B,2026-08-25 01:04:10,4679.58,2.4,sl,0.017098474388626564,13.916666666666666
2026-08-25 00:50:12,buy,0.02,4677.96,A,2026-08-25 01:04:46,4678.76,1.6,sl,0.017101471581633488,14.566666666666666
2026-08-27 10:37:06,sell,0.04,4584.99,B,2026-08-27 11:42:33,4584.1,3.56,sl,0.01941116556414339,65.45
2026-08-28 19:23:56,sell,0.03,4453.44,A,2026-08-28 15:05:29,4566.71,2.13,sl,-2.5434271035424403,-258.45
2026-08-28 15:05:15,sell,0.03,4567.42,B,2026-08-28 19:45:07,4452.6,2.52,sl,2.5138918689325638,279.8666666666667
2026-09-01 09:09:51,sell,0.04,4397.41,B,2026-09-01 09:12:18,4396.53,3.52,sl,0.020011779661212148,2.45
2026-09-01 09:09:51,sell,0.02,4399.35,A,2026-09-01 09:12:52,4398.5,1.7,sl,0.01932103606215381,3.0166666666666666
2026-09-03 13:32:14,buy,0.03,4470.08,B,2026-09-03 13:41:30,4470.87,2.37,sl,0.017673061779654137,9.266666666666667
2026-09-08 19:49:15,sell,0.04,4367.77,B,2026-09-08 19:53:24,4366.9,3.48,sl,0.019918631246627003,4.15
2026-09-10 13:34:33,sell,0.04,4343.53,B,2026-09-10 13:44:49,4342.82,2.84,sl,0.01634615163242884,10.266666666666667
2026-09-11 13:30:12,sell,0.04,4302.63,B,2026-09-11 13:30:20,4302.4,0.92,sl,0.0053455677109226895,0.13333333333333333
2026-09-11 13:30:11,sell,0.02,4303.64,A,2026-09-11 13:30:22,4302.89,1.5,sl,0.017427108215371172,0.18333333333333332
2026-09-14 10:19:02,sell,0.02,4292.14,A,2026-09-14 11:12:41,4288.45,7.38,sl,0.08597110066308436,53.65
2026-09-14 10:19:02,sell,0.04,4292.14,B,2026-09-14 11:12:41,4288.45,14.76,sl,0.08597110066308436,53.65
2026-09-16 20:07:07,sell,0.02,4255.77,A,2026-09-16 20:15:14,4255.07,1.4,sl,0.016448257307155403,8.116666666666667
2026-09-16 20:07:07,sell,0.04,4255.77,B,2026-09-16 20:15:14,4255.07,2.8,sl,0.016448257307155403,8.116666666666667
2026-09-17 13:19:13,buy,0.03,4365.02,B,2026-09-17 13:35:35,4365.83,2.43,sl,0.018556616006329654,16.366666666666667
2026-09-23 14:42:32,sell,0.04,4293.32,B,2026-09-23 14:44:36,4292.5,3.28,sl,0.019099438197006255,2.066666666666667
2026-09-24 09:15:35,sell,0.04,4275.96,B,2026-09-24 11:00:25,4256.41,78.2,sl,0.45720727041413345,104.83333333333333
