t_in,side,vol,entry,strat,t_out,exit,pl,why,mv%,hold,buy,atr_h1,atr_d1,ext_dir,rng_prev,h1_vs_ema200,twin
2025-01-02 08:45:56,buy,0.01,2637.51,A,2025-01-02 10:45:29,2643.23,5.72,sl,0.216871215654151,119.55,True,,,0.0,0.16045613754254515,0.1450215620387052,False
2025-01-02 08:46:08,buy,0.02,2637.86,B,2025-01-02 10:45:29,2643.23,10.74,sl,0.2035741093158806,119.35,True,,,0.0,0.16045613754254515,0.1450215620387052,True
2025-01-07 13:57:53,buy,0.01,2663.7,A,2025-01-07 15:01:08,2650.36,-13.34,sl,-0.5008071479520851,63.25,True,0.1695408336431066,,-0.18437586628622382,1.2468354670604047,0.3387637001774024,False
2025-01-07 13:57:55,buy,0.02,2664.09,B,2025-01-07 15:00:00,2654.29,-19.6,sl,-0.3678554403192152,62.083333333333336,True,0.1695408336431066,,-0.18437586628622382,1.2468354670604047,0.3387637001774024,True
2025-01-08 14:03:45,buy,0.01,2663.69,A,2025-01-08 15:52:32,2664.21,0.52,sl,0.0195217911994256,108.78333333333332,True,0.15884412172035278,,0.3068522486509462,1.18159415203354,0.5538461024432451,False
2025-01-08 14:04:10,buy,0.02,2664.12,B,2025-01-08 17:21:33,2667.41,6.58,sl,0.1234929357536433,197.38333333333333,True,0.15884412172035278,,0.3068522486509462,1.18159415203354,0.5538461024432451,True
2025-01-09 10:44:41,buy,0.01,2668.39,A,2025-01-09 11:30:30,2668.91,0.52,sl,0.0194874062637014,45.81666666666667,True,0.1726295002669454,,0.6417154487428078,0.9302797223807944,0.5906935016121162,False
2025-01-10 06:34:20,buy,0.01,2676.63,A,2025-01-10 09:42:56,2679.1,2.47,sl,0.0922802180353579,188.6,True,0.1402911027030177,,0.7615580738902672,0.8520407781098552,0.7824038374935727,False
2025-01-10 06:42:49,buy,0.02,2677.03,B,2025-01-10 10:31:05,2680.02,5.98,sl,0.1116909410802187,228.26666666666668,True,0.1402911027030177,,0.7615580738902672,0.8520407781098552,0.7824038374935727,True
2025-01-15 20:54:01,buy,0.01,2696.2,A,2025-01-16 01:50:16,2698.07,1.87,sl,0.0693568726355739,296.25,True,0.23670860502592472,,0.4287970051657819,0.6832010285389569,0.9344767589675396,False
2025-01-16 00:16:58,buy,0.02,2696.58,B,2025-01-16 01:50:16,2698.07,2.98,sl,0.0552551750736205,93.3,True,0.23096279733743744,,1.0004631202745085,1.0452961672473895,0.9325745252909412,False
2025-01-16 08:15:41,buy,0.01,2700.55,A,2025-01-16 10:27:11,2707.25,6.7,sl,0.248097609746156,131.5,True,0.15120295290472943,,1.0004631202745085,1.0452961672473895,0.9767854271771181,False
2025-01-21 02:32:37,buy,0.01,2723.13,A,2025-01-21 04:42:54,2723.64,0.51,sl,0.018728448513283,130.28333333333333,True,0.24605802585934947,0.8563670010262181,1.0037301379307584,0.8984013252803258,1.0476013987591015,False
2025-01-21 02:37:05,buy,0.02,2723.48,B,2025-01-21 05:24:57,2726.8,6.64,sl,0.121902859576724,167.86666666666667,True,0.24605802585934947,0.8563670010262181,1.0037301379307584,0.8984013252803258,1.0476013987591015,True
2025-01-24 01:12:02,buy,0.01,2761.69,A,2025-01-24 03:16:16,2774.33,12.64,sl,0.4576907618161297,124.23333333333332,True,0.22809706535642352,0.895421063904712,1.872504916766804,0.8338869587630829,1.4841571618238847,False
2025-01-24 01:59:01,buy,0.02,2762.14,B,2025-01-24 03:16:16,2774.33,24.38,sl,0.4413244802942666,77.25,True,0.22809706535642352,0.895421063904712,1.872504916766804,0.8338869587630829,1.4841571618238847,False
2025-01-27 16:49:30,sell,0.02,2737.19,B,2025-01-27 17:24:00,2735.15,4.08,sl,0.0745289877575164,34.5,False,0.31505633243691555,0.8685068454402629,-1.853352524416274,0.17668482895173768,-0.2752240310497811,False
2025-01-30 13:42:26,buy,0.01,2784.21,A,2025-01-30 15:32:52,2788.72,4.51,sl,0.1619849077476111,110.43333333333334,True,0.14654069921288318,0.9202833408634897,1.1821947771390784,0.7752696235595052,1.2670383492949133,False
2025-01-31 07:20:46,buy,0.01,2797.79,A,2025-01-31 12:56:17,2805.32,7.53,sl,0.2691410005754613,335.51666666666665,True,0.16861996083863273,0.9631122835768766,2.24230332780182,1.4196621418660966,1.4408395907818727,False
2025-01-31 07:24:09,buy,0.02,2798.21,B,2025-01-31 12:56:17,2805.32,14.22,sl,0.254091008180234,332.1333333333333,True,0.16861996083863273,0.9631122835768766,2.24230332780182,1.4196621418660966,1.4408395907818727,True
2025-02-03 14:19:27,buy,0.01,2815.4,A,2025-02-03 15:05:15,2825.28,9.88,sl,0.3509270441145169,45.8,True,0.2696688254401909,0.9211823365319344,1.719179554973449,0.7186623146080258,1.6874457205141358,False
2025-02-03 14:32:08,buy,0.02,2815.85,B,2025-02-03 15:05:15,2825.28,18.86,sl,0.3348899976916487,33.11666666666667,True,0.2696688254401909,0.9211823365319344,1.719179554973449,0.7186623146080258,1.6874457205141358,True
2025-02-04 13:21:32,buy,0.01,2829.26,A,2025-02-04 13:50:12,2833.49,4.23,sl,0.1495090589058468,28.666666666666668,True,0.22626759465321075,1.0178876698404586,2.1819032282005324,2.0929959803388414,1.6863972921412396,False
2025-02-04 13:21:35,buy,0.02,2829.77,B,2025-02-04 13:52:18,2831.09,2.64,sl,0.0466469006315058,30.716666666666665,True,0.22626759465321075,1.0178876698404586,2.1819032282005324,2.0929959803388414,1.6863972921412396,True
2025-02-05 00:30:24,buy,0.01,2843.53,A,2025-02-05 01:02:15,2844.06,0.53,sl,0.0186388045844336,31.85,True,0.24248183145929142,1.0738983868899952,2.861854169478817,1.3482552921923647,2.161309314575788,False
2025-02-05 00:30:57,buy,0.02,2843.98,B,2025-02-05 00:59:03,2844.43,0.9,sl,0.0158228960822445,28.1,True,0.24248183145929142,1.0738983868899952,2.861854169478817,1.3482552921923647,2.161309314575788,True
2025-02-10 06:28:40,buy,0.01,2884.97,A,2025-02-10 07:47:15,2892.19,7.22,sl,0.2502625677216836,78.58333333333333,True,0.25217730855735976,1.0997422070563028,2.5260375529418955,0.35637695057099816,1.9134896325761819,False
2025-02-10 06:36:11,buy,0.02,2885.39,B,2025-02-10 07:47:15,2892.19,13.6,sl,0.2356700480697646,71.06666666666666,True,0.25217730855735976,1.0997422070563028,2.5260375529418955,0.35637695057099816,1.9134896325761819,True
2025-02-19 01:50:41,buy,0.02,2938.65,B,2025-02-19 02:48:33,2928.25,-20.8,sl,-0.3539040035390431,57.86666666666667,True,0.20007490921646426,1.3775739740620934,2.6548126364432267,1.529290670883829,1.2949907538020833,False
2025-02-19 09:15:14,buy,0.01,2941.1,A,2025-02-19 11:38:24,2941.67,0.57,sl,0.0193805038931067,143.16666666666666,True,0.20628865633578625,1.3775739740620934,2.6548126364432267,1.529290670883829,1.5092745416437792,False
2025-02-20 05:20:44,buy,0.01,2945.05,A,2025-02-20 07:43:15,2948.3,3.25,sl,0.1103546629089489,142.51666666666668,True,0.23906461595873058,1.3024773519757256,2.436716344788681,0.9640770580319791,1.3109109952724962,False
2025-02-20 05:51:23,buy,0.02,2945.52,B,2025-02-20 07:43:15,2948.3,5.56,sl,0.0943806187023072,111.86666666666666,True,0.23906461595873058,1.3024773519757256,2.436716344788681,0.9640770580319791,1.3109109952724962,False
2025-02-24 13:51:42,buy,0.01,2952.97,A,2025-02-24 14:35:42,2938.13,-14.84,sl,-0.5025448954781014,44.0,True,0.26805895066726027,1.1761836014794909,1.8133690274728664,0.14062351034417378,1.013805527758338,False
2025-02-24 13:53:56,buy,0.02,2953.52,B,2025-02-24 14:26:41,2942.94,-21.16,sl,-0.3582166364202689,32.75,True,0.26805895066726027,1.1761836014794909,1.8133690274728664,0.14062351034417378,1.013805527758338,True
2025-02-25 15:21:25,sell,0.02,2918.15,B,2025-02-25 17:44:51,2903.7,-30.38,sl,0.4951767386871913,143.43333333333334,False,0.2812046841793251,1.172631638076644,-2.0469910404497638,1.1840356871678,-0.35257324129396306,False
2025-02-25 16:08:58,sell,0.02,2888.51,A,2025-02-25 17:17:13,2897.13,42.04,sl,-0.2984237548078383,68.25,False,0.350932649542733,1.172631638076644,-2.0469910404497638,1.1840356871678,0.5609012060656338,False
2025-02-27 05:37:02,sell,0.01,2890.15,A,2025-02-27 08:43:26,2885.49,4.66,sl,0.1612373060221894,186.4,False,0.24149646950700318,1.277258765158304,-0.8037694239958038,1.3451808817837085,0.7553548598485449,False
2025-02-27 05:38:45,sell,0.02,2889.66,B,2025-02-27 08:19:50,2889.08,1.16,sl,0.0200715655128951,161.08333333333334,False,0.24149646950700318,1.277258765158304,-0.8037694239958038,1.3451808817837085,0.7553548598485449,True
2025-02-28 03:21:04,sell,0.01,2869.67,A,2025-02-28 04:40:05,2860.75,8.92,sl,0.3108371345834215,79.01666666666667,False,0.30568564865912906,1.2725413123895695,0.6286297590811563,1.7893466763563546,1.3356557242596545,False
2025-02-28 03:21:13,sell,0.02,2869.27,B,2025-02-28 04:40:05,2860.75,17.04,sl,0.2969396396992957,78.86666666666666,False,0.30568564865912906,1.2725413123895695,0.6286297590811563,1.7893466763563546,1.3356557242596545,True
2025-03-04 09:27:13,buy,0.02,2919.35,B,2025-03-04 12:34:40,2919.8,0.9,sl,0.0154143901896063,187.45,True,0.2931109370235536,1.1894961035367126,0.06769271463782367,1.2525511086512862,0.6033780974474379,False
2025-03-05 16:17:58,buy,0.02,2926.41,B,2025-03-05 17:47:24,2916.08,-20.66,sl,-0.3529922328040134,89.43333333333334,True,0.354327045503514,1.2556671932926504,0.7939829509890473,1.578750518987219,0.554431077894213,False
2025-03-10 17:10:28,sell,0.02,2892.67,B,2025-03-10 18:31:32,2884.66,16.02,sl,0.2769068023659877,81.06666666666666,False,0.3155562264270056,1.207735384711849,-0.6023867727259935,0.2451719975860019,0.35902166893484466,False
2025-03-11 01:04:31,sell,0.02,2880.36,B,2025-03-11 02:09:03,2891.84,-22.96,sl,-0.398561290949743,64.53333333333333,False,0.295744105032075,1.2336163233613353,0.4375812541592361,1.3220837204142994,0.6090541510933356,False
2025-03-12 15:51:10,buy,0.01,2928.43,A,2025-03-12 16:44:05,2934.76,6.33,sl,0.216156780254279,52.91666666666666,True,0.24521379631340695,1.3126748334412126,0.5619208339944004,1.4409043981711804,0.49716245271096415,False
2025-03-12 15:55:31,buy,0.02,2929.02,B,2025-03-12 16:44:05,2934.76,11.48,sl,0.1959699831342987,48.56666666666667,True,0.24521379631340695,1.3126748334412126,0.5619208339944004,1.4409043981711804,0.49716245271096415,True
2025-03-18 00:31:22,buy,0.01,3003.15,A,2025-03-18 02:03:36,3003.69,0.54,sl,0.0179811198241833,92.23333333333332,True,0.19015173089029788,1.0549778037260802,2.3107339118766834,0.6830318748208177,1.8226748034894324,False
2025-03-18 00:31:53,buy,0.02,3003.51,B,2025-03-18 02:03:36,3003.89,0.76,sl,0.0126518639857917,91.71666666666668,True,0.19015173089029788,1.0549778037260802,2.3107339118766834,0.6830318748208177,1.8226748034894324,True
2025-03-19 03:44:40,buy,0.01,3036.34,A,2025-03-19 06:10:01,3042.77,6.43,sl,0.2117681155601756,145.35,True,0.18529542245660913,1.0900208410590073,3.065552090475898,1.280761530317071,2.328680850338971,False
2025-03-19 03:48:15,buy,0.02,3036.79,B,2025-03-19 06:11:42,3041.51,9.44,sl,0.1554272768285016,143.45,True,0.18529542245660913,1.0900208410590073,3.065552090475898,1.280761530317071,2.328680850338971,True
2025-03-21 14:09:36,sell,0.02,3000.72,B,2025-03-21 14:46:03,3011.51,-21.58,sl,-0.3595803673785098,36.45,False,0.25913641151659916,1.0344688529263926,-2.890397816475687,1.0388766346305371,-0.34350630290826967,False
2025-03-27 04:27:26,buy,0.02,3036.71,B,2025-03-27 10:57:18,3051.43,29.44,sl,0.4847351245262076,389.8666666666667,True,0.17546164637273626,1.0030408213243267,1.2563130010974755,0.6526041287470068,0.7966445602317185,False
2025-03-27 10:36:51,buy,0.01,3055.68,A,2025-03-27 13:22:04,3040.16,-15.52,sl,-0.5079065870771803,165.21666666666667,True,0.17979145882488828,1.0030408213243267,1.2563130010974755,0.6526041287470068,0.9608749366198932,False
2025-03-28 00:05:25,buy,0.01,3057.7,A,2025-03-28 02:31:05,3073.6,15.9,sl,0.5199986918271934,145.66666666666666,True,0.25857406059450144,0.9824505303549858,2.1633032673581187,1.2428945895797139,1.3113280409131844,False
2025-03-28 00:05:50,buy,0.02,3058.18,B,2025-03-28 02:31:05,3073.6,30.84,sl,0.5042214650543811,145.25,True,0.25857406059450144,0.9824505303549858,2.1633032673581187,1.2428945895797139,1.3113280409131844,True
2025-03-31 13:30:06,buy,0.01,3126.08,A,2025-03-31 14:34:13,3110.4,-15.68,sl,-0.5015866516531835,64.11666666666666,True,0.3354639756888797,0.8636966326834395,2.708043392773396,0.2889930227440368,2.6723581225201354,False
2025-03-31 13:57:42,buy,0.02,3126.62,B,2025-03-31 14:05:40,3115.61,-22.02,sl,-0.3521374519449042,7.966666666666667,True,0.3354639756888797,0.8636966326834395,2.708043392773396,0.2889930227440368,2.6723581225201354,False
2025-04-01 00:35:29,buy,0.01,3126.11,A,2025-04-01 02:05:47,3126.73,0.62,sl,0.0198329553342617,90.3,True,0.295399453711146,0.9114954417222482,3.4254626362179685,1.6439900220629016,2.5449845339872157,False
2025-04-01 00:45:05,buy,0.02,3126.55,B,2025-04-01 02:05:41,3127.18,1.26,sl,0.0201500055972127,80.6,True,0.295399453711146,0.9114954417222482,3.4254626362179685,1.6439900220629016,2.5449845339872157,True
2025-04-02 23:16:17,buy,0.01,3146.97,A,2025-04-03 01:05:40,3159.5,12.53,sl,0.39816077051895,109.38333333333334,True,0.3206760157559063,0.9992548116987666,2.746552608142605,1.544647247693166,1.6976469256446025,False
2025-04-02 23:16:32,buy,0.02,3147.69,B,2025-04-02 23:25:46,3136.28,-22.82,sl,-0.3624880467898634,9.233333333333333,True,0.3206760157559063,0.9992548116987666,2.746552608142605,1.544647247693166,1.6976469256446025,True
2025-04-03 13:28:30,sell,0.02,3075.03,B,2025-04-03 13:51:13,3074.42,1.22,sl,0.0198372048402821,22.716666666666665,False,0.5152020395627142,1.0302654086845082,-3.5038392295795973,1.2390612632830362,-0.3866755271184408,False
2025-04-04 16:36:54,sell,0.01,3021.54,A,2025-04-04 17:42:24,3036.71,-15.17,sl,-0.5020618624939625,65.5,False,0.6551934737830951,1.2120779966974804,-2.2550001289463495,3.6502887297496045,1.500899013798429,False
2025-04-07 17:48:38,sell,0.01,2973.01,A,2025-04-07 18:25:16,2970.82,2.19,sl,0.073662718927957,36.63333333333333,False,0.7033047217072694,1.4841012209529447,1.070691530866763,0.9539125031979838,2.7345350261871237,False
2025-04-07 17:49:02,sell,0.02,2972.51,B,2025-04-07 18:25:16,2970.82,3.38,sl,0.0568543083118325,36.23333333333333,False,0.7033047217072694,1.4841012209529447,1.070691530866763,0.9539125031979838,2.7345350261871237,True
2025-04-10 13:30:02,buy,0.02,3131.39,B,2025-04-10 13:36:09,3119.84,-23.1,sl,-0.3688457841405806,6.116666666666666,True,0.48352844089966746,1.8949202113227717,1.4438101721532037,4.207857307503747,2.12681219950861,False
2025-04-10 16:25:07,buy,0.01,3165.91,A,2025-04-10 16:32:47,3166.38,0.47,sl,0.0148456525927854,7.666666666666667,True,0.5419471878295911,1.8949202113227717,1.4438101721532037,4.207857307503747,3.034878918722983,False
2025-04-14 01:55:11,buy,0.01,3243.35,A,2025-04-14 03:03:28,3227.06,-16.29,sl,-0.5022584673254494,68.28333333333333,True,0.4967509383935696,2.0485803085665366,4.556087597673186,0.22550047457458827,3.8613116846997864,False
2025-04-14 02:03:11,buy,0.02,3243.9,B,2025-04-14 02:34:06,3232.46,-22.88,sl,-0.3526619192946778,30.916666666666668,True,0.5155282378696323,2.0485803085665366,4.556087597673186,0.22550047457458827,4.428130688739262,True
2025-04-15 23:21:49,buy,0.01,3243.72,A,2025-04-15 23:37:34,3244.12,0.4,sl,0.0123315205998079,15.75,True,0.2642865104626496,2.100684701862543,3.7760660977213423,1.6192189649698374,2.7762022884809223,False
2025-04-15 23:36:07,buy,0.02,3244.19,B,2025-04-16 01:28:47,3266.47,44.56,sl,0.6867661881702288,112.66666666666669,True,0.2642865104626496,2.100684701862543,3.7760660977213423,1.6192189649698374,2.7762022884809223,True
2025-04-21 00:03:44,buy,0.01,3354.1,A,2025-04-21 01:21:29,3369.27,15.17,sl,0.4522822813869614,77.75,True,0.452145997460439,2.2041957373602226,5.600233268353794,0.23595049221064976,4.450841206625511,False
2025-04-21 00:05:23,buy,0.02,3354.64,B,2025-04-21 01:21:29,3369.27,29.26,sl,0.436112369732672,76.1,True,0.452145997460439,2.2041957373602226,5.600233268353794,0.23595049221064976,4.450841206625511,True
2025-04-23 13:38:48,sell,0.02,3285.63,B,2025-04-23 13:40:55,3285.04,1.18,sl,0.0179569823747696,2.1166666666666667,False,0.7974431421011641,2.2763595885645773,-3.97529079515484,5.035138982542887,-0.6980930848343281,False
2025-05-01 00:20:02,sell,0.02,3266.36,B,2025-05-01 01:22:37,3246.63,39.46,sl,0.6040362972850518,62.583333333333336,False,0.5012018281230853,2.2882746357306334,-0.341208246766489,1.866794582323819,0.901151240078546,False
2025-05-01 00:24:30,sell,0.01,3260.39,A,2025-05-01 00:24:41,3259.79,0.6,sl,0.0184027064246887,0.1833333333333333,False,0.5012018281230853,2.2882746357306334,-0.341208246766489,1.866794582323819,0.901151240078546,True
2025-05-05 14:06:52,buy,0.02,3328.07,B,2025-05-05 14:12:13,3316.33,-23.48,sl,-0.3527570033082307,5.35,True,0.3832397405973865,2.1726834627647107,-0.2695363647668869,0.4159367505210682,1.0806701319997947,False
2025-05-06 01:05:08,buy,0.01,3350.84,A,2025-05-06 01:28:43,3355.79,4.95,sl,0.1477241527497528,23.58333333333333,True,0.3349323763959432,2.168205142267575,2.1423208150903594,2.890383184970124,1.3985659876440737,False
2025-05-06 12:36:16,buy,0.02,3385.51,B,2025-05-06 12:47:44,3386.17,1.32,sl,0.0194948471574402,11.466666666666669,True,0.4622859628674652,2.168205142267575,2.1423208150903594,2.890383184970124,2.6206911886736073,False
2025-05-11 23:05:00,sell,0.02,3267.34,B,2025-05-11 23:57:11,3288.04,-41.4,sl,-0.6335428819773827,52.18333333333333,False,0.3018919132475132,2.034936151792801,-1.0197200810605267,2.1862900704614874,-0.05486438059454368,False
2025-05-14 12:17:57,sell,0.01,3209.69,A,2025-05-14 13:20:24,3186.44,23.25,sl,0.7243690200611274,62.45,False,0.3408828261865773,2.1096503742071424,0.902354015027329,1.5258872330619238,2.0961977286605316,False
2025-05-14 12:18:04,sell,0.02,3209.39,B,2025-05-14 13:20:24,3186.44,45.9,sl,0.7150891602453993,62.333333333333336,False,0.3408828261865773,2.1096503742071424,0.902354015027329,1.5258872330619238,2.0961977286605316,True
2025-05-20 12:34:58,buy,0.02,3248.29,B,2025-05-20 13:04:43,3236.74,-23.1,sl,-0.3555717008025817,29.75,True,0.32895360271078744,2.314781772199033,-1.090883507016338,1.336519216148693,-0.05301362385262687,False
2025-05-21 19:04:17,buy,0.01,3318.49,A,2025-05-21 19:52:38,3319.11,0.62,sl,0.0186831962730141,48.35,True,0.36030867714842696,2.4353194910648073,0.9040969683148381,2.769032540386786,1.7579623186602777,False
2025-05-21 19:05:42,buy,0.02,3319.06,B,2025-05-21 19:52:27,3319.7,1.28,sl,0.0192825679559837,46.75,True,0.36030867714842696,2.4353194910648073,0.9040969683148381,2.769032540386786,1.7579623186602777,True
2025-05-23 11:49:40,buy,0.01,3343.36,A,2025-05-23 11:51:54,3343.93,0.57,sl,0.0170487174578779,2.2333333333333334,True,0.3075025471425228,2.2065730544764754,0.9221867887377444,2.0023392946965863,1.6662703226677733,False
2025-05-23 11:49:43,buy,0.02,3343.86,B,2025-05-23 11:51:54,3344.51,1.3,sl,0.0194386128605889,2.183333333333333,True,0.3075025471425228,2.2065730544764754,0.9221867887377444,2.0023392946965863,1.6662703226677733,True
2025-05-28 20:51:18,sell,0.02,3287.02,B,2025-05-28 20:53:58,3286.39,1.26,sl,0.0191662965239064,2.6666666666666665,False,0.3048875601195883,1.9652477802876513,-0.5284761279659378,1.9534849991086214,0.024252933544199884,False
2025-06-02 06:16:47,buy,0.02,3329.43,B,2025-06-02 07:49:28,3353.43,48.0,sl,0.7208441084509962,92.68333333333334,True,0.3186121866904944,1.730717028294536,0.518507090041731,0.1788395368297556,0.7847236701372218,False
2025-06-02 13:41:39,buy,0.01,3363.78,A,2025-06-02 14:10:11,3369.67,5.89,sl,0.1751006308379225,28.53333333333333,True,0.35508548575038607,1.730717028294536,0.518507090041731,0.1788395368297556,1.6360792685538472,False
2025-06-05 09:30:13,buy,0.01,3389.95,A,2025-06-05 11:20:15,3398.53,8.58,sl,0.2531010781870052,110.03333333333332,True,0.22749300591270194,1.7186448074860687,1.9248527452513597,1.2089421460203098,1.3348977939137807,False
2025-06-05 09:56:07,buy,0.02,3390.45,B,2025-06-05 11:20:15,3398.53,16.16,sl,0.2383164476691997,84.13333333333334,True,0.22749300591270194,1.7186448074860687,1.9248527452513597,1.2089421460203098,1.3348977939137807,False
2025-06-12 01:22:23,buy,0.02,3374.09,B,2025-06-12 07:33:16,3362.09,-24.0,sl,-0.3556514497242219,370.8833333333333,True,0.4037388873656583,1.6416580002971317,1.2421096867635484,1.5869855890655136,0.9635978021804048,False
2025-06-13 00:02:47,buy,0.01,3401.43,A,2025-06-13 00:14:49,3402.09,0.66,sl,0.0194036037784199,12.033333333333331,True,0.3494591313288204,1.6177471559907812,1.9461372215610284,1.774513672530676,1.6039896742856774,False
2025-06-13 13:26:14,buy,0.02,3442.8,B,2025-06-13 14:03:35,3430.72,-24.16,sl,-0.3508771929824672,37.35,True,0.44093660788066086,1.6177471559907812,1.9461372215610284,1.774513672530676,2.5228306809248036,False
2025-06-18 19:28:54,sell,0.02,3367.89,B,2025-06-18 20:40:26,3367.41,0.96,sl,0.0142522469558096,71.53333333333333,False,0.28887743657104414,1.4921605847604495,-0.8548626275431515,1.0955401978526151,-0.11699082002207817,False
2025-06-19 05:52:06,sell,0.02,3364.2,B,2025-06-19 06:48:01,3353.95,20.5,sl,0.3046786754651923,55.91666666666666,False,0.29628469407409447,1.3849713791346205,-0.44432382625090305,1.1086881807084723,0.011595240854378464,False
2025-06-20 03:09:52,sell,0.02,3349.22,B,2025-06-20 06:16:03,3348.62,1.2,sl,0.017914618926195,186.1833333333333,False,0.2500075637195445,1.355612002578283,-0.23070442330455077,1.1998337687010232,0.6306015119407316,False
2025-06-23 23:56:44,sell,0.02,3341.91,B,2025-06-24 00:10:51,3341.32,1.18,sl,0.0176545747790841,14.116666666666667,False,0.35823171701432954,1.2252007657901884,-0.2967573590426431,0.20932163187855624,0.07618742653239252,False
2025-06-23 23:56:44,sell,0.01,3341.91,A,2025-06-24 00:10:51,3341.32,0.59,sl,0.0176545747790841,14.116666666666667,False,0.35823171701432954,1.2252007657901884,-0.2967573590426431,0.20932163187855624,0.07618742653239252,False
2025-06-27 03:45:39,sell,0.01,3297.69,A,2025-06-27 04:40:49,3297.03,0.66,sl,0.0200140098068603,55.16666666666666,False,0.2991499117099758,1.278818505828269,0.9986000926898275,1.2164035193443379,1.2213698004376994,False
2025-06-27 03:46:02,sell,0.02,3297.19,B,2025-06-27 04:39:38,3296.54,1.3,sl,0.0197137562591203,53.6,False,0.2991499117099758,1.278818505828269,0.9986000926898275,1.2164035193443379,1.2213698004376994,True
2025-07-01 10:47:44,buy,0.02,3348.73,B,2025-07-01 13:05:03,3352.14,6.82,sl,0.1018296488519484,137.31666666666666,True,0.22682615872408438,1.2000070726908758,-0.6682860704277593,1.6026976278022347,0.5296893433323069,False
2025-07-03 05:54:36,buy,0.01,3360.42,A,2025-07-03 11:52:34,3343.38,-17.04,sl,-0.50707947220883,357.96666666666664,True,0.20429967248954775,1.1838510206884434,0.3871058655551929,1.0342089078109007,0.5243519179675582,False
2025-07-07 02:12:29,sell,0.02,3313.36,B,2025-07-07 02:26:33,3312.7,1.32,sl,0.0199193567858702,14.066666666666666,False,0.17862564539491974,1.1156442177891102,0.06502066596536515,0.2780860956952147,0.23020272070387593,False
2025-07-08 15:37:22,sell,0.02,3298.06,B,2025-07-08 16:28:38,3297.4,1.32,sl,0.0200117644918483,51.266666666666666,False,0.21613944613836159,1.1460771431308934,-0.11312352977523865,1.4782145252467151,0.4684307436803925,False
2025-07-09 03:50:10,sell,0.02,3288.86,B,2025-07-09 09:46:13,3288.23,1.26,sl,0.019155573663826,356.05,False,0.2545959886800088,1.2526090613609695,0.9334894555370177,1.6022146301276952,0.7833821882529679,False
2025-07-11 11:26:04,buy,0.02,3344.19,B,2025-07-11 13:14:49,3344.86,1.34,sl,0.0200347468295782,108.75,True,0.21643142039241844,1.1252482987158747,-0.22290395129661578,0.6123376252132623,0.47700055184205503,False
2025-07-11 15:53:07,buy,0.01,3361.54,A,2025-07-11 16:36:15,3362.82,1.28,sl,0.038077785776763,43.13333333333333,True,0.2680529244171293,1.1252482987158747,-0.22290395129661578,0.6123376252132623,0.8184854163257427,False
2025-07-14 08:10:16,buy,0.01,3372.06,A,2025-07-14 13:32:13,3355.05,-17.01,sl,-0.5044394227860645,321.95,True,0.2270299654960257,1.0913101785094212,0.9796845485410266,0.3386349538940009,1.1708562051912175,False
2025-07-14 08:10:38,buy,0.02,3372.48,B,2025-07-14 13:20:16,3360.2,-24.56,sl,-0.3641237309042663,309.6333333333333,True,0.2270299654960257,1.0913101785094212,0.9796845485410266,0.3386349538940009,1.1708562051912175,True
2025-07-16 15:17:09,sell,0.02,3321.91,B,2025-07-16 15:54:12,3333.67,-23.52,sl,-0.3540132032475359,37.05,False,0.19986070509671666,1.1100828589894156,0.29624811900169634,1.3863796912810151,0.26640521649970994,False
2025-07-16 16:30:23,buy,0.02,3373.35,B,2025-07-16 16:42:12,3361.45,-23.8,sl,-0.3527650555086217,11.816666666666666,True,0.24022927805827468,1.1100828589894156,-0.29624811900169634,1.3863796912810151,0.06924474399445657,False
2025-07-16 16:30:23,buy,0.01,3372.99,A,2025-07-16 16:46:45,3355.94,-17.05,sl,-0.5054862303178997,16.366666666666667,True,0.24022927805827468,1.1100828589894156,-0.29624811900169634,1.3863796912810151,0.06924474399445657,False
2025-07-17 13:30:34,sell,0.02,3318.92,B,2025-07-17 13:34:49,3318.31,1.22,sl,0.0183794728405664,4.25,False,0.2153426595484576,1.1124649642520212,-0.35524869559064864,1.7249614883987594,0.3689433672318221,False
2025-07-21 12:58:42,buy,0.01,3375.31,A,2025-07-21 14:00:34,3384.92,9.61,sl,0.2847145891784792,61.86666666666667,True,0.1750016869933426,0.9860184440814573,0.22803628592353853,0.1481534583079452,0.7481155282285545,False
2025-07-21 12:59:42,buy,0.02,3375.8,B,2025-07-21 14:00:34,3384.92,18.24,sl,0.27015818472658,60.86666666666667,True,0.1750016869933426,0.9860184440814573,0.22803628592353853,0.1481534583079452,0.7481155282285545,True
2025-07-22 13:28:30,buy,0.01,3400.56,A,2025-07-22 13:50:13,3401.2,0.64,sl,0.0188204295763013,21.716666666666665,True,0.1678429786705244,1.0483270094440194,1.5999309873385048,1.646158326542967,1.179428311624875,False
2025-07-22 13:30:00,buy,0.02,3401.06,B,2025-07-22 14:55:14,3415.67,29.22,sl,0.4295719569781223,85.23333333333333,True,0.1678429786705244,1.0483270094440194,1.5999309873385048,1.646158326542967,1.179428311624875,True
2025-07-23 01:04:31,buy,0.01,3431.39,A,2025-07-23 01:31:29,3432.08,0.69,sl,0.0201084691626441,26.966666666666665,True,0.2270494573945161,1.1249648897768196,2.214401422383472,1.4655861469436882,2.02357045129149,False
2025-07-23 01:09:38,buy,0.02,3431.91,B,2025-07-23 01:29:59,3432.56,1.3,sl,0.0189398906148497,20.35,True,0.2270494573945161,1.1249648897768196,2.214401422383472,1.4655861469436882,2.02357045129149,True
2025-07-25 08:40:06,sell,0.02,3353.08,B,2025-07-25 10:17:52,3346.65,12.86,sl,0.1917639901225093,97.76666666666668,False,0.16229272223557084,1.1382425143745982,-0.32103656985775775,1.2434731758287199,0.3132195650306757,False
2025-07-28 13:49:07,sell,0.01,3326.03,A,2025-07-28 15:15:20,3309.1,16.93,sl,0.5090152524180567,86.21666666666667,False,0.21377749500557913,1.1557385348575013,0.7071904609082358,0.3459750369400425,0.7609534644153371,False
2025-07-28 14:32:47,sell,0.02,3325.55,B,2025-07-28 15:15:20,3309.1,32.9,sl,0.4946550194704717,42.55,False,0.2153954180885795,1.1557385348575013,0.7071904609082358,0.3459750369400425,0.9934723670464218,False
2025-07-30 14:31:37,sell,0.01,3303.96,A,2025-07-30 15:00:00,3303.33,0.63,sl,0.0190680274579628,28.383333333333333,False,0.21396901857962514,1.177955405973917,0.5934641747310287,0.7861049341907521,1.012104391955282,False
2025-07-30 14:31:38,sell,0.02,3303.45,B,2025-07-30 16:44:38,3293.49,19.92,sl,0.3015029741633758,133.0,False,0.21396901857962514,1.177955405973917,0.5934641747310287,0.7861049341907521,1.012104391955282,True
2025-08-01 13:37:11,buy,0.02,3332.67,B,2025-08-01 13:50:00,3343.23,21.12,,0.3168630557480922,12.816666666666666,True,0.22356868428205942,1.2391464669302985,-1.250509199593186,1.121392651312144,-0.8301584227690895,False
2025-08-04 12:06:36,buy,0.02,3362.76,B,2025-08-04 13:11:57,3368.33,11.14,sl,0.1656377499434901,65.35,True,0.20710222800815162,1.1952604643765081,0.539818078277654,0.19855799858299303,0.7404597695215509,False
2025-08-04 14:01:44,buy,0.01,3370.54,A,2025-08-04 15:06:27,3380.2,9.66,sl,0.2866009600835431,64.71666666666667,True,0.22852510849375435,1.1952604643765081,0.539818078277654,0.19855799858299303,1.018046963667163,False
2025-08-05 15:40:06,buy,0.01,3383.81,A,2025-08-05 17:16:46,3384.47,0.66,sl,0.0195046412180309,96.66666666666669,True,0.22736030828516113,1.2128301826092214,0.9096977959545782,1.1959191776722282,0.9465475130987722,False
2025-08-05 15:40:06,buy,0.02,3383.81,B,2025-08-05 17:16:46,3384.47,1.32,sl,0.0195046412180309,96.66666666666669,True,0.22736030828516113,1.2128301826092214,0.9096977959545782,1.1959191776722282,0.9465475130987722,False
2025-08-07 20:31:22,buy,0.01,3395.29,A,2025-08-07 21:49:27,3395.97,0.68,sl,0.0200277443163864,78.08333333333333,True,0.32541125438913016,1.2275140748197033,0.655701807345932,0.8060426508660906,0.9489157338928189,False
2025-08-07 20:32:03,buy,0.02,3395.84,B,2025-08-07 21:48:52,3396.49,1.3,sl,0.0191410667169135,76.81666666666666,True,0.32541125438913016,1.2275140748197033,0.655701807345932,0.8060426508660906,0.9489157338928189,True
2025-08-11 08:10:06,sell,0.02,3359.68,B,2025-08-11 10:22:05,3359.01,1.34,sl,0.0199423754643185,131.98333333333332,False,0.3243405909395177,1.0829077087040295,-0.9705876828150606,0.33104683252387224,0.009625753422259908,False
2025-08-12 07:22:41,sell,0.01,3343.44,A,2025-08-12 12:39:02,3342.83,0.61,sl,0.0182446821238044,316.35,False,0.22725046736136048,1.1137880701993959,0.41595028850299753,1.6607911089866065,0.2599521154005302,False
2025-08-12 07:22:44,sell,0.02,3342.93,B,2025-08-12 08:36:17,3354.74,-23.62,sl,-0.3532828985351158,73.55,False,0.22725046736136048,1.1137880701993959,0.41595028850299753,1.6607911089866065,0.2599521154005302,True
2025-08-14 17:13:21,sell,0.01,3333.28,A,2025-08-18 01:03:11,3328.84,4.44,sl,0.1332021312341013,4789.833333333333,False,0.2902627326590454,1.111022234059885,0.06955890961003464,0.834229313287202,0.5227193788030826,False
2025-08-14 17:16:06,sell,0.02,3331.82,B,2025-08-15 04:48:58,3344.5,-25.36,sl,-0.3805727800421342,692.8666666666667,False,0.2902627326590454,1.111022234059885,0.06955890961003464,0.834229313287202,0.5227193788030826,True
2025-08-18 00:12:10,sell,0.02,3331.41,B,2025-08-18 01:06:07,3330.81,1.2,sl,0.018010391996179,53.95,False,0.19497987864205765,0.979997746442181,0.5653588052123237,0.06927762332766353,0.5924004793608773,False
2025-08-19 15:44:37,sell,0.01,3325.73,A,2025-08-19 18:07:09,3318.87,6.86,sl,0.2062705030173864,142.53333333333333,False,0.19192048604430728,0.8792009624233293,0.5109803840374516,1.0472523122323412,0.4655539088529448,False
2025-08-19 15:47:03,sell,0.02,3324.23,B,2025-08-19 18:07:09,3318.87,10.72,sl,0.1612403473887224,140.1,False,0.19192048604430728,0.8792009624233293,0.5109803840374516,1.0472523122323412,0.4655539088529448,True
2025-08-22 15:02:16,buy,0.02,3350.55,B,2025-08-22 15:04:11,3351.15,1.2,sl,0.0179075077226099,1.9166666666666667,True,0.16510397093690368,0.894972316099186,-0.254972186471758,0.737353135847279,-0.2338510826953244,False
2025-08-22 15:19:32,buy,0.01,3367.22,A,2025-08-22 16:42:27,3375.54,8.32,sl,0.2470881023514995,82.91666666666667,True,0.16510397093690368,0.894972316099186,-0.254972186471758,0.737353135847279,-0.2338510826953244,False
2025-08-26 01:22:45,buy,0.01,3376.67,A,2025-08-26 02:01:26,3381.91,5.24,sl,0.1551824726727747,38.68333333333333,True,0.16046699579042906,0.8437881506173075,0.3442698603979055,0.4886676079363916,0.1802273330278048,False
2025-08-26 01:22:45,buy,0.02,3377.28,B,2025-08-26 02:01:26,3381.91,9.26,sl,0.1370925715368478,38.68333333333333,True,0.16046699579042906,0.8437881506173075,0.3442698603979055,0.4886676079363916,0.1802273330278048,False
2025-08-27 17:30:18,buy,0.01,3391.42,A,2025-08-27 19:09:00,3392.83,1.41,sl,0.041575505245586,98.7,True,0.1865168965713532,0.9025514085699607,1.0370820286993876,1.2479431938145473,0.8582531165825413,False
2025-08-27 17:33:08,buy,0.02,3391.93,B,2025-08-27 19:09:50,3392.61,1.36,sl,0.0200475835291498,96.7,True,0.1865168965713532,0.9025514085699607,1.0370820286993876,1.2479431938145473,0.8582531165825413,True
2025-08-28 08:15:32,buy,0.01,3397.18,A,2025-08-28 12:59:47,3404.09,6.91,sl,0.2034039997880686,284.25,True,0.146943367584357,0.8371587421248173,1.0627396303011682,0.7388451752732798,0.9431572729815318,False
2025-08-28 08:16:01,buy,0.02,3397.66,B,2025-08-28 12:59:47,3404.09,12.86,sl,0.1892478941389159,283.76666666666665,True,0.146943367584357,0.8371587421248173,1.0627396303011682,0.7388451752732798,0.9431572729815318,True
2025-08-29 14:34:49,buy,0.01,3421.06,A,2025-08-29 15:45:04,3435.92,14.86,sl,0.4343682952067525,70.25,True,0.14446655463365288,0.8538750281168751,1.5250669005232753,1.1308628389808149,1.2190463775510363,False
2025-08-29 14:35:23,buy,0.02,3421.58,B,2025-08-29 15:45:04,3435.92,28.68,sl,0.4191046241794769,69.68333333333334,True,0.14446655463365288,0.8538750281168751,1.5250669005232753,1.1308628389808149,1.2190463775510363,True
2025-09-02 02:13:48,buy,0.01,3487.63,A,2025-09-02 02:49:33,3495.12,7.49,sl,0.2147590197354588,35.75,True,0.17483141989144654,0.8876469340541706,2.5244454377389314,1.5207232715260726,2.327648189018472,False
2025-09-02 02:14:02,buy,0.02,3488.23,B,2025-09-02 02:49:33,3495.12,13.78,sl,0.1975213790375025,35.516666666666666,True,0.17483141989144654,0.8876469340541706,2.5244454377389314,1.5207232715260726,2.327648189018472,True
2025-09-03 12:12:21,buy,0.01,3544.64,A,2025-09-03 14:36:29,3554.01,9.37,sl,0.264342782341799,144.13333333333333,True,0.24830157766133507,1.0095721648295293,3.713704573701815,1.9810564312084409,3.124434694768463,False
2025-09-03 12:12:23,buy,0.02,3545.24,B,2025-09-03 14:36:29,3554.01,17.54,sl,0.2473739436540385,144.1,True,0.24830157766133507,1.0095721648295293,3.713704573701815,1.9810564312084409,3.124434694768463,True
2025-09-05 13:31:47,buy,0.01,3576.21,A,2025-09-05 13:34:16,3576.21,0.0,sl,0.0,2.4833333333333334,True,0.20624690931166584,1.085182718247861,3.240262519772208,1.4747204893519021,2.1993807067332005,False
2025-09-05 13:31:49,buy,0.02,3576.78,B,2025-09-05 13:34:15,3577.49,1.42,sl,0.0198502563758347,2.433333333333333,True,0.20624690931166584,1.085182718247861,3.240262519772208,1.4747204893519021,2.1993807067332005,True
2025-09-08 07:45:20,buy,0.01,3597.9,A,2025-09-08 08:49:52,3608.79,10.89,sl,0.3026765613274375,64.53333333333333,True,0.22966279924086316,1.07770902671535,3.853889994697246,0.27615312022404237,2.76625115069542,False
2025-09-08 07:45:33,buy,0.02,3598.42,B,2025-09-08 08:49:52,3608.79,20.74,sl,0.2881820354488884,64.31666666666666,True,0.22966279924086316,1.07770902671535,3.853889994697246,0.27615312022404237,2.76625115069542,True
2025-09-09 02:20:49,buy,0.02,3644.14,A,2025-09-09 03:35:40,3651.38,14.48,sl,0.1986751332275992,74.85,True,0.2366903167217571,1.0851917437103877,4.441661392051399,1.8401933043303356,3.469071457893147,False
2025-09-09 02:20:50,buy,0.02,3644.67,B,2025-09-09 03:35:40,3651.38,13.42,sl,0.1841044593886424,74.83333333333333,True,0.2366903167217571,1.0851917437103877,4.441661392051399,1.8401933043303356,3.469071457893147,True
2025-09-15 14:35:35,buy,0.02,3655.79,B,2025-09-15 17:38:01,3681.23,17.96,sl,0.6958824221303755,182.4333333333333,True,0.21780272641817242,1.1359624900765306,2.889523379526193,0.17544534012783275,1.4709313439066785,False
2025-09-15 16:49:36,buy,0.02,3672.25,A,2025-09-15 14:59:32,3656.5,1.42,sl,-0.4288923684389679,-110.06666666666666,True,0.23950227823520062,1.1359624900765306,2.889523379526193,0.17544534012783275,1.8006602058062704,False
2025-09-16 01:29:45,buy,0.02,3683.34,A,2025-09-16 02:01:47,3684.62,1.44,sl,0.0347510683238513,32.03333333333333,True,0.24097672792260716,1.1426847324785023,3.5408935033320876,1.6050862614945156,1.998807273043246,False
2025-09-16 01:30:00,buy,0.02,3683.9,B,2025-09-16 02:02:17,3684.05,1.42,sl,0.0040717717636225,32.28333333333333,True,0.24097672792260716,1.1426847324785023,3.5408935033320876,1.6050862614945156,1.998807273043246,True
2025-09-17 19:08:27,buy,0.02,3700.85,A,2025-09-17 19:10:17,3701.99,1.2,sl,0.0308037342772571,1.8333333333333333,True,0.22132654887899325,1.173650697345427,3.5223514312723747,0.7657179384392026,1.5285048169119575,False
2025-09-17 19:08:51,buy,0.02,3701.39,B,2025-09-17 19:10:19,3701.47,1.24,sl,0.0021613501954651,1.4666666666666666,True,0.22132654887899325,1.173650697345427,3.5223514312723747,0.7657179384392026,1.5285048169119575,True
2025-09-18 14:45:05,sell,0.02,3628.39,B,2025-09-18 14:52:20,3641.15,-25.52,sl,-0.3516711268634358,7.25,False,0.30888895128282023,1.1996020501204683,-2.447390365048774,1.6764672159342273,-0.7483931861646864,False
2025-09-22 07:25:52,buy,0.02,3705.22,A,2025-09-22 08:01:58,3713.25,16.06,sl,0.2167212743103027,36.1,True,0.20214412259636302,1.0599353202037214,2.4361220791369487,0.225565948217437,1.4269263020159517,False
2025-09-22 07:27:53,buy,0.02,3705.88,B,2025-09-22 08:01:58,3713.25,14.74,sl,0.1988731421416746,34.083333333333336,True,0.20214412259636302,1.0599353202037214,2.4361220791369487,0.225565948217437,1.4269263020159517,True
2025-09-23 09:17:19,buy,0.02,3756.9,A,2025-09-23 10:36:58,3782.96,52.12,sl,0.6936570044451528,79.65,True,0.2342834458601799,1.0529596657663773,3.487054236221887,1.691412192819914,2.389988286713951,False
2025-09-23 09:18:05,buy,0.02,3757.5,B,2025-09-23 10:36:58,3782.96,50.92,sl,0.6775781769793755,78.88333333333334,True,0.2342834458601799,1.0529596657663773,3.487054236221887,1.691412192819914,2.389988286713951,True
2025-09-29 03:18:59,buy,0.02,3788.73,A,2025-09-29 03:47:19,3789.24,1.02,sl,0.0134609750496805,28.33333333333333,True,0.32661540322702676,1.0709180331222863,2.716935504149487,0.19917624312762974,1.6340189024092178,False
2025-09-29 03:19:28,buy,0.03,3789.53,B,2025-09-29 03:47:13,3790.16,1.89,sl,0.0166247529376902,27.75,True,0.32661540322702676,1.0709180331222863,2.716935504149487,0.19917624312762974,1.6340189024092178,True
2025-10-02 14:24:11,buy,0.02,3892.81,A,2025-10-02 14:49:41,3879.73,-27.72,sl,-0.3360040690401003,25.5,True,0.23513225660768394,1.2284053478724852,3.8827132363856265,1.0835933353184202,2.4144029252687105,False
2025-10-02 14:24:22,buy,0.02,3893.59,B,2025-10-02 15:00:25,3873.14,-39.34,sl,-0.5252222242198145,36.05,True,0.23513225660768394,1.2284053478724852,3.8827132363856265,1.0835933353184202,2.4144029252687105,True
2025-10-05 23:44:10,buy,0.01,3894.38,A,2025-10-06 00:53:24,3908.07,13.69,sl,0.3515322079509461,69.23333333333333,True,0.2731992391733802,1.2967315697102806,3.760176734642484,1.3821316009519586,1.9646498001215207,False
2025-10-05 23:47:41,buy,0.02,3894.97,B,2025-10-06 00:53:24,3908.07,26.2,sl,0.3363312169285094,65.71666666666667,True,0.2731992391733802,1.2967315697102806,3.760176734642484,1.3821316009519586,1.9646498001215207,True
2025-10-06 15:00:41,buy,0.02,3947.19,A,2025-10-06 16:00:30,3953.74,13.1,sl,0.1659408338590168,59.81666666666667,True,0.34057064052196845,1.244847316502944,3.7286600041350315,0.4952728615081767,3.0111007559924907,False
2025-10-06 15:01:16,buy,0.02,3947.66,B,2025-10-06 16:00:30,3953.74,12.16,sl,0.1540152900705716,59.23333333333333,True,0.34057064052196845,1.244847316502944,3.7286600041350315,0.4952728615081767,3.0111007559924907,True
2025-10-07 13:49:22,buy,0.02,3974.97,A,2025-10-07 14:22:02,3980.83,11.72,sl,0.1474224962704153,32.666666666666664,True,0.3053898857088139,1.270036706929912,4.853730021572367,1.965464344105123,2.927089522950155,False
2025-10-07 13:52:08,buy,0.02,3975.52,B,2025-10-07 14:22:02,3980.83,10.62,sl,0.1335674326880495,29.9,True,0.3053898857088139,1.270036706929912,4.853730021572367,1.965464344105123,2.927089522950155,True
2025-10-09 14:08:38,buy,0.02,4056.76,A,2025-10-09 14:39:48,4043.0,-28.62,sl,-0.3391869373588829,31.166666666666668,True,0.36064837769900465,1.346249694930357,5.242449351738743,1.858340399817971,3.4719050316493805,False
2025-10-09 14:08:43,buy,0.02,4057.31,B,2025-10-09 14:43:00,4035.98,-41.56,sl,-0.5257177785281364,34.28333333333333,True,0.36064837769900465,1.346249694930357,5.242449351738743,1.858340399817971,3.4719050316493805,True
2025-10-13 00:08:24,buy,0.01,4056.81,A,2025-10-13 00:55:21,4036.3,-20.51,sl,-0.5055696470872376,46.95,True,0.5322470465960871,1.4639885980886331,4.423120456679697,0.9192490655373207,2.6754393345636007,False
2025-10-13 00:08:26,buy,0.02,4058.01,B,2025-10-13 00:14:16,4041.33,-33.36,sl,-0.411038908233353,5.833333333333333,True,0.5322470465960871,1.4639885980886331,4.423120456679697,0.9192490655373207,2.6754393345636007,True
2025-10-15 02:06:21,buy,0.01,4177.2,A,2025-10-15 02:17:55,4177.86,0.66,sl,0.0158000574547509,11.566666666666666,True,0.4305355216686857,1.6341479166838437,6.095187672150781,2.1445335795771494,3.940544658933498,False
2025-10-15 02:06:24,buy,0.02,4177.92,B,2025-10-15 02:15:02,4178.76,1.68,sl,0.0201056985294152,8.633333333333333,True,0.4305355216686857,1.6341479166838437,6.095187672150781,2.1445335795771494,3.940544658933498,True
2025-10-16 00:00:21,buy,0.01,4215.54,A,2025-10-16 01:47:46,4218.81,3.27,sl,0.0775701333637075,107.41666666666669,True,0.40074524137276674,1.602913154629109,6.7343419860326215,1.5248967579626906,4.262293169544451,False
2025-10-16 01:15:11,buy,0.02,4216.15,B,2025-10-16 01:47:46,4218.81,5.32,sl,0.0630907344378346,32.583333333333336,True,0.39871639722456426,1.602913154629109,6.7343419860326215,1.5248967579626906,4.1245849354091035,False
2025-10-20 20:55:48,buy,0.02,4377.84,B,2025-10-20 21:02:25,4362.0,-31.68,sl,-0.3618222685159838,6.616666666666666,True,0.5489640546103286,1.9118978307255001,5.508550413844837,0.544626221473505,4.8517530049353885,False
2025-10-20 20:55:48,buy,0.01,4377.84,A,2025-10-20 21:16:47,4354.71,-23.13,sl,-0.5283427443670876,20.98333333333333,True,0.5489640546103286,1.9118978307255001,5.508550413844837,0.544626221473505,4.8517530049353885,False
2025-10-21 14:47:59,sell,0.02,4188.49,B,2025-10-22 01:02:21,4076.84,-10.82,sl,2.665638452043568,614.3666666666667,False,0.6646845419714631,2.0414237957856614,-7.421156512722571,3.725328570774391,-0.6867957123688928,False
2025-10-22 01:00:33,sell,0.02,4083.61,B,2025-10-22 01:02:26,4088.35,-9.48,sl,-0.1160737680630565,1.8833333333333333,False,0.872867738724613,2.632591933005455,-1.277207428331839,7.0518899385178875,2.008141051871859,False
2025-10-22 01:02:19,sell,0.02,4071.43,A,2025-10-21 15:06:31,4184.67,7.64,sl,-2.7813323574272486,-595.8,False,0.872867738724613,2.632591933005455,-1.277207428331839,7.0518899385178875,2.008141051871859,True
2025-10-27 14:03:09,sell,0.01,4006.99,A,2025-10-27 14:09:46,4006.28,0.71,sl,0.0177190359846064,6.616666666666666,False,0.5493098419360102,2.812052865195022,0.37387955807511863,1.1669131051993271,2.5667030757595355,False
2025-10-27 14:07:25,sell,0.02,4006.32,B,2025-10-27 14:09:36,4005.57,1.5,sl,0.0187204217336608,2.183333333333333,False,0.5493098419360102,2.812052865195022,0.37387955807511863,1.1669131051993271,2.5667030757595355,True
2025-10-28 00:21:04,sell,0.01,3973.57,A,2025-10-28 00:33:08,3993.89,-20.32,sl,-0.5113789363217386,12.066666666666666,False,0.5569393593821887,2.9485560804959454,1.8037867328984936,3.160574595362426,2.862220747736033,False
2025-10-28 00:21:05,sell,0.02,3972.98,B,2025-10-28 00:30:42,3987.31,-28.66,sl,-0.3606864368811302,9.616666666666667,False,0.5569393593821887,2.9485560804959454,1.8037867328984936,3.160574595362426,2.862220747736033,True
2025-11-04 21:38:40,sell,0.02,3930.67,B,2025-11-05 01:05:22,3944.44,-27.54,sl,-0.3503219552900646,206.7,False,0.4522634389648388,2.7457173663728662,0.9462339186846802,1.6981504969616943,2.05819004367912,False
2025-11-07 16:34:58,buy,0.02,4017.78,B,2025-11-07 16:43:01,4018.56,1.56,sl,0.0194137060764836,8.05,True,0.30255347617031225,2.234020685748094,-0.7137596517530542,1.3799690164994594,-0.3543652286311816,False
2025-11-10 01:10:55,buy,0.02,4025.54,B,2025-11-10 01:51:12,4048.58,46.08,sl,0.5723455735131179,40.28333333333333,True,0.361793189461733,1.8806147552804404,-0.09968150039501023,0.19890775216792048,0.3747352326262998,False
2025-11-10 01:22:13,buy,0.01,4043.68,A,2025-11-10 01:51:12,4048.58,4.9,sl,0.1211767498911904,28.98333333333333,True,0.361793189461733,1.8806147552804404,-0.09968150039501023,0.19890775216792048,0.3747352326262998,True
2025-11-11 13:36:33,buy,0.01,4146.56,A,2025-11-11 14:33:30,4125.28,-21.28,sl,-0.5131964809384322,56.95,True,0.25662421845711036,1.8517587469253236,2.3405877414210297,2.708212987189516,2.451430599043758,False
2025-11-12 15:10:10,buy,0.02,4147.15,B,2025-11-12 17:17:24,4195.84,97.38,sl,1.1740592937318524,127.23333333333332,True,0.3158870790891864,1.8428674536179583,2.6190190128576596,1.2523263869611319,2.0119855661708597,False
2025-11-12 15:10:10,buy,0.01,4147.15,A,2025-11-12 17:17:24,4195.84,48.69,sl,1.1740592937318524,127.23333333333332,True,0.3158870790891864,1.8428674536179583,2.6190190128576596,1.2523263869611319,2.0119855661708597,False
2025-11-13 03:47:08,buy,0.01,4209.09,A,2025-11-13 04:23:15,4209.86,0.77,sl,0.0182937404522005,36.11666666666667,True,0.45408566294154074,1.7983982046694567,3.444037310076853,2.6913597331545502,2.9608471351021404,False
2025-11-13 03:47:40,buy,0.02,4209.71,B,2025-11-13 04:23:01,4210.45,1.48,sl,0.0175784080138485,35.35,True,0.45408566294154074,1.7983982046694567,3.444037310076853,2.6913597331545502,2.9608471351021404,True
2025-11-14 13:11:56,sell,0.02,4097.38,B,2025-11-14 14:20:27,4054.66,85.44,sl,1.0426174775100248,68.51666666666667,False,0.4649847966717533,1.743686839385878,-2.9915802888508702,2.381248148608216,-0.29167193147885406,False
2025-11-17 19:35:24,sell,0.02,4033.45,B,2025-11-17 20:10:04,4022.07,22.76,sl,0.2821405992388564,34.666666666666664,False,0.4967491710298226,1.7215296347909061,-0.6676912755221087,0.7237992012576797,0.859897790084474,False
2025-11-18 03:21:20,sell,0.02,4008.89,B,2025-11-18 03:39:36,4022.96,-28.14,sl,-0.3509699692433607,18.266666666666666,False,0.5489131072471254,1.796764465029765,0.7229291822168138,2.356085791150364,1.8469691261812526,False
2025-11-24 20:33:57,buy,0.02,4130.94,B,2025-11-24 23:11:40,4131.85,1.82,sl,0.0220288844669921,157.71666666666667,True,0.3442447358252462,1.8534806264948887,0.09286721142203191,0.29250169930726216,0.9884408693249247,False
2025-11-25 17:11:17,buy,0.01,4153.41,A,2025-11-25 19:04:16,4132.22,-21.19,sl,-0.5101831988655009,112.98333333333332,True,0.42393661845358976,1.92740617652534,1.6059772068659717,2.510738935276798,1.170190542244498,False
2025-11-25 17:27:21,buy,0.02,4153.93,B,2025-11-25 18:38:42,4138.68,-30.5,sl,-0.3671222191996495,71.35,True,0.42393661845358976,1.92740617652534,1.6059772068659717,2.510738935276798,1.170190542244498,False
2025-11-26 02:20:39,buy,0.01,4156.7,A,2025-11-26 03:30:55,4163.92,7.22,sl,0.1736954795871786,70.26666666666667,True,0.38840294041584456,1.999440155374161,1.2295858584278951,1.2027674294837742,1.3717866090076747,False
2025-11-26 02:21:37,buy,0.02,4157.32,B,2025-11-26 04:01:21,4164.34,14.04,sl,0.1688587840243338,99.73333333333332,True,0.38840294041584456,1.999440155374161,1.2295858584278951,1.2027674294837742,1.3717866090076747,True
2025-11-28 00:28:11,buy,0.01,4171.01,A,2025-11-28 01:58:02,4190.49,19.48,sl,0.46703316462918,89.85,True,0.1743411424851997,1.8164967689758504,1.5921237539349153,0.5872561806010865,1.175011963230066,False
2025-11-28 00:28:13,buy,0.02,4171.37,B,2025-11-28 01:58:02,4190.49,38.24,sl,0.4583626002967824,89.81666666666666,True,0.1743411424851997,1.8164967689758504,1.5921237539349153,0.5872561806010865,1.175011963230066,True
2025-12-01 10:03:51,buy,0.01,4253.83,A,2025-12-01 10:21:23,4254.67,0.84,sl,0.0197469104313088,17.533333333333335,True,0.40097084050102516,1.605654198018725,2.4716205994142593,0.5965801439939277,2.657139021545918,False
2025-12-01 10:04:00,buy,0.02,4254.4,B,2025-12-01 10:21:05,4254.87,0.94,sl,0.0110473862354328,17.083333333333332,True,0.40097084050102516,1.605654198018725,2.4716205994142593,0.5965801439939277,2.657139021545918,True
2025-12-08 15:15:38,sell,0.02,4177.04,B,2025-12-09 06:15:14,4176.27,1.68,sl,0.0184341064485742,899.6,False,0.2669665451856872,1.1912950960533712,-0.9967179553571626,0.3296590825242689,-0.1629611701315481,False
2025-12-09 06:04:53,sell,0.02,4177.11,B,2025-12-29 14:42:17,4358.06,146.12,tp,-4.331942419519733,29317.4,False,0.24348280206187892,1.1320584444221167,-0.7628501461476977,1.0209895231170796,0.23847255621035623,False
2025-12-11 15:33:43,buy,0.02,4245.63,B,2025-12-11 16:00:12,4250.22,9.18,sl,0.1081111637142225,26.48333333333333,True,0.31597030389072395,1.1088579704588035,1.4047787174053417,1.3434013618300045,0.7568782979111122,False
2025-12-11 15:50:03,buy,0.01,4256.64,A,2025-12-11 17:30:51,4274.74,18.1,sl,0.4252180123289601,100.8,True,0.31597030389072395,1.1088579704588035,1.4047787174053417,1.3434013618300045,0.7568782979111122,False
2025-12-12 06:59:17,buy,0.01,4283.15,A,2025-12-12 09:31:10,4312.55,29.4,sl,0.6864107024036176,151.88333333333333,True,0.3339064534437266,1.150609829222427,2.218485081717936,1.9067038622795789,1.6841219849999423,False
2025-12-18 16:10:16,buy,0.02,4348.1,B,2025-12-18 16:50:42,4363.74,31.28,sl,0.3596973390676253,40.43333333333333,True,0.2520590004771459,1.2342896912456824,2.4751837667055465,0.9782728931988677,1.373046402821676,False
2025-12-18 16:10:26,buy,0.01,4350.77,A,2025-12-18 16:50:42,4363.74,12.97,sl,0.2981081509709625,40.266666666666666,True,0.2520590004771459,1.2342896912456824,2.4751837667055465,0.9782728931988677,1.373046402821676,True
2025-12-22 01:00:30,buy,0.01,4371.8,A,2025-12-22 02:07:35,4379.92,8.12,sl,0.1857358525092614,67.08333333333333,True,0.24522654245957115,1.186572882307713,2.1678971598469543,0.42959350489520853,1.6453673078985265,False
2025-12-22 01:00:57,buy,0.02,4372.44,B,2025-12-22 02:07:35,4379.92,14.96,sl,0.1710715298551946,66.63333333333334,True,0.24522654245957115,1.186572882307713,2.1678971598469543,0.42959350489520853,1.6453673078985265,True
2025-12-23 13:15:00,buy,0.01,4495.12,A,2025-12-23 14:03:57,4472.38,-22.74,sl,-0.5058819341864017,48.95,True,0.2807935135217705,1.2214378599294058,4.1698968593332,2.387785301107574,3.3914638006210085,False
2025-12-23 13:16:20,buy,0.02,4495.65,B,2025-12-23 13:51:49,4479.81,-31.68,sl,-0.3523405959093621,35.483333333333334,True,0.2807935135217705,1.2214378599294058,4.1698968593332,2.387785301107574,3.3914638006210085,True
2025-12-26 01:02:11,buy,0.01,4523.13,A,2025-12-26 01:07:01,4523.9,0.77,sl,0.0170236097569498,4.833333333333333,True,0.4017555758981475,1.355395123761893,3.6616811752659073,0.9136391848211698,3.1813161032812953,False
2025-12-26 01:02:30,buy,0.02,4523.73,B,2025-12-26 01:07:00,4524.58,1.7,sl,0.0187898039891939,4.5,True,0.4017555758981475,1.355395123761893,3.6616811752659073,0.9136391848211698,3.1813161032812953,True
2025-12-29 13:42:31,sell,0.02,4431.12,B,2025-12-29 15:35:25,4333.09,-46.84,sl,2.2123074978786343,112.9,False,0.5813092120862623,1.2614350685638658,-3.56505390526185,0.6025706441188563,-1.1002841133525898,False
2025-12-29 15:22:04,sell,0.02,4309.67,A,2025-12-08 15:22:31,4191.84,-29.6,sl,2.734084048198584,-30239.55,False,0.6649436305761687,1.2614350685638658,-3.56505390526185,0.6025706441188563,1.2418086242491966,False
2025-12-31 05:50:44,sell,0.02,4299.2,A,2025-12-31 06:11:01,4298.35,1.7,sl,0.0197711202083981,20.28333333333333,False,0.5084755262462088,1.6410160679222323,0.6197525243731072,1.8365644330134618,1.4691911592299989,False
2025-12-31 05:50:44,sell,0.03,4299.2,B,2025-12-31 06:11:01,4298.35,2.55,sl,0.0197711202083981,20.28333333333333,False,0.5084755262462088,1.6410160679222323,0.6197525243731072,1.8365644330134618,1.4691911592299989,False
2026-01-05 23:02:00,buy,0.02,4454.25,B,2026-01-09 16:06:09,4508.85,22.14,sl,1.2257955884829177,5344.15,True,0.3499264470471704,1.6807770063210683,0.3134471669802963,0.7260993258139172,1.358773904078725,False
2026-01-09 14:36:45,buy,0.02,4497.78,A,2026-01-05 23:56:31,4437.06,-34.38,sl,-1.3499993330042677,-5200.233333333334,True,0.2876429530663332,1.735203657575925,1.8276896016341748,1.7063176427479798,1.2131919004522818,False
2026-01-09 15:04:03,buy,0.02,4498.5,B,2026-01-09 16:06:09,4508.85,20.7,sl,0.2300766922307516,62.1,True,0.29008277045335673,1.735203657575925,1.8276896016341748,1.7063176427479798,1.4644556007813447,False
2026-01-12 08:51:55,buy,0.01,4598.23,A,2026-01-12 14:02:52,4607.86,9.63,sl,0.209428410497085,310.95,True,0.4536780948478217,1.682183501716875,2.744547001910891,0.7056911213749075,3.1748860909193155,False
2026-01-12 13:07:34,buy,0.02,4599.04,B,2026-01-12 14:02:52,4607.86,17.64,sl,0.1917791539103749,55.3,True,0.4330051096096694,1.682183501716875,2.744547001910891,0.7056911213749075,3.0736358608382197,False
2026-01-13 14:45:12,buy,0.02,4627.34,A,2026-01-13 14:52:21,4628.14,1.6,sl,0.0172885502254034,7.15,True,0.31600710264763276,1.7165089808102714,3.6805331180240097,2.0370003978771103,2.838243210690927,False
2026-01-13 14:45:54,buy,0.02,4627.93,B,2026-01-13 15:17:54,4611.6,-32.66,sl,-0.3528575410604725,32.0,True,0.31600710264763276,1.7165089808102714,3.6805331180240097,2.0370003978771103,2.838243210690927,True
2026-01-14 05:01:38,buy,0.02,4632.38,B,2026-01-14 05:13:07,4633.24,1.72,sl,0.0185649709220675,11.483333333333333,True,0.3926071055945728,1.7764072164435885,3.271992637763499,1.420019490463609,2.8608887264559124,False
2026-01-14 12:02:26,buy,0.01,4636.78,A,2026-01-14 14:48:24,4613.53,-23.25,sl,-0.5014255582537882,165.96666666666667,True,0.2730521682202512,1.7764072164435885,3.271992637763499,1.420019490463609,2.6847483567348673,False
2026-01-16 15:29:00,sell,0.03,4570.87,B,2026-01-16 15:48:25,4569.96,2.73,sl,0.019908682592151,19.416666666666668,False,0.309054084929887,1.437823922499673,-2.8928526560586088,0.9437481834311615,-1.316234383214776,False
2026-01-18 23:05:00,buy,0.01,4648.91,A,2026-01-18 23:06:48,4649.17,0.26,sl,0.0055927088285257,1.8,True,0.4582316974620258,1.4186906813270963,2.326917429375519,1.8175726245800907,1.000547876121427,False
2026-01-18 23:05:00,buy,0.02,4648.91,B,2026-01-18 23:06:48,4649.17,0.52,sl,0.0055927088285257,1.8,True,0.4582316974620258,1.4186906813270963,2.326917429375519,1.8175726245800907,1.000547876121427,False
2026-01-20 04:34:54,buy,0.01,4687.9,A,2026-01-20 05:30:41,4694.97,7.07,sl,0.1508137972226502,55.78333333333333,True,0.21338908941066903,1.3940684077198828,3.1297903186686904,0.616234730775084,2.240492707608599,False
2026-01-20 04:35:18,buy,0.02,4688.37,B,2026-01-20 05:30:41,4694.97,13.2,sl,0.140773872369296,55.38333333333333,True,0.21338908941066903,1.3940684077198828,3.1297903186686904,0.616234730775084,2.240492707608599,True
2026-01-22 16:51:01,buy,0.01,4885.27,A,2026-01-22 18:25:18,4908.03,22.76,sl,0.4658903192658606,94.28333333333332,True,0.39617862113418034,1.5406027641013018,4.566724892873797,2.768017645667782,4.120938026670085,False
2026-01-22 17:22:55,buy,0.02,4887.8,B,2026-01-22 18:25:18,4908.03,40.46,sl,0.4138876386104088,62.38333333333333,True,0.3867308177209425,1.5406027641013018,4.566724892873797,2.768017645667782,4.216325222940509,False
2026-01-23 16:02:26,buy,0.01,4964.73,A,2026-01-23 16:45:44,4977.51,12.78,sl,0.2574158111317364,43.3,True,0.41812254080503236,1.6508611873698273,7.6452100692048885,3.7918170635800843,4.836736812113207,False
2026-01-23 16:02:26,buy,0.02,4965.37,B,2026-01-23 16:45:44,4977.51,24.28,sl,0.2444933610184201,43.3,True,0.41812254080503236,1.6508611873698273,7.6452100692048885,3.7918170635800843,4.836736812113207,False
2026-01-27 20:03:23,buy,0.01,5107.89,A,2026-01-27 21:23:19,5173.05,65.16,sl,1.2756735168533355,79.93333333333334,True,0.43253026563152186,1.6942796358730583,6.9579305783648016,2.398083912118517,4.847716471002439,False
2026-01-27 20:03:25,buy,0.02,5108.75,B,2026-01-27 21:23:19,5173.05,128.6,sl,1.2586249082456604,79.9,True,0.43253026563152186,1.6942796358730583,6.9579305783648016,2.398083912118517,4.847716471002439,True
2026-01-28 18:18:19,buy,0.01,5308.06,A,2026-01-28 18:29:07,5308.68,0.62,sl,0.0116803502597915,10.8,True,0.5590767871770967,1.8460273085767531,8.686579694039875,3.4175492322742453,7.315047560914478,False
2026-01-28 18:18:22,buy,0.02,5309.03,B,2026-01-28 18:29:07,5309.95,1.84,sl,0.017328965931631,10.75,True,0.5590767871770967,1.8460273085767531,8.686579694039875,3.4175492322742453,7.315047560914478,True
2026-01-29 06:23:07,buy,0.01,5595.05,A,2026-01-29 06:47:40,5566.67,-28.38,sl,-0.507234072975221,24.55,True,1.118484751203854,2.182267251817627,14.126136338982654,8.00450549311025,11.40951278589779,False
2026-01-30 09:44:12,sell,0.02,4990.66,B,2026-01-30 09:47:15,4989.93,1.46,sl,0.0146273238409261,3.05,False,1.6285924237542622,2.7707176689627913,-11.246817196576187,9.018931481862845,-0.8373379787186108,False
2026-02-11 10:40:53,buy,0.02,5085.12,B,2026-02-11 11:02:00,5091.57,12.9,sl,0.1268406645270872,21.116666666666667,True,0.40074197577856685,5.783417952961517,2.4900215016763427,1.5803597460476189,1.6288255245861194,False
2026-02-11 10:44:09,buy,0.01,5088.83,A,2026-02-11 11:02:32,5089.8,0.97,sl,0.0190613559501939,18.383333333333333,True,0.40074197577856685,5.783417952961517,2.4900215016763427,1.5803597460476189,1.6288255245861194,True
2026-02-12 16:14:19,sell,0.03,4970.4,B,2026-02-12 16:26:39,4888.86,244.62,tp,1.6405118300337993,12.333333333333334,False,0.4300422617518427,5.732177821408037,-2.6025268977518445,1.982696111070487,-1.1242098051975846,False
2026-02-17 05:31:51,sell,0.02,4878.79,A,2026-02-17 05:32:30,4877.81,1.96,sl,0.0200869477882746,0.65,False,0.3921209516695183,3.7478230721287114,-0.7353637213199704,1.3128703783495674,0.8409829355092713,False
2026-02-17 05:31:51,sell,0.03,4878.79,B,2026-02-17 05:32:30,4877.81,2.94,sl,0.0200869477882746,0.65,False,0.3921209516695183,3.7478230721287114,-0.7353637213199704,1.3128703783495674,0.8409829355092713,False
2026-02-20 06:12:39,buy,0.03,5019.86,B,2026-02-20 06:33:17,5020.86,3.0,sl,0.0199208742873307,20.633333333333333,True,0.35347160939748146,2.945795405431029,0.7351266100560805,1.234038202053441,0.686583026908627,False
2026-02-23 14:34:16,buy,0.02,5173.54,A,2026-02-23 15:01:45,5187.58,28.08,sl,0.2713809113295724,27.48333333333333,True,0.3945160533682694,2.337569060926278,3.621804136467044,1.0608908773064247,2.688221921869993,False
2026-02-23 14:36:07,buy,0.03,5174.17,B,2026-02-23 15:01:45,5187.58,40.23,sl,0.2591720024660932,25.633333333333333,True,0.3945160533682694,2.337569060926278,3.621804136467044,1.0608908773064247,2.688221921869993,True
2026-02-27 16:10:56,buy,0.02,5247.68,A,2026-02-27 16:20:05,5248.68,2.0,sl,0.0190560400024391,9.15,True,0.3395141337890726,2.097997475007702,2.6756223806187807,1.446167020911376,2.396589209312361,False
2026-03-02 07:07:39,buy,0.03,5391.01,B,2026-03-02 07:08:29,5392.02,3.03,sl,0.0187348938325141,0.8333333333333334,True,0.6185396709907242,1.9186191288565402,5.595561613533273,1.2040297684572356,4.763567071725117,False
2026-03-03 11:29:36,sell,0.03,5131.01,B,2026-03-03 11:29:54,5129.98,3.09,sl,0.0200740205144923,0.3,False,0.6766285508504438,1.968065548117327,-4.318089535404712,2.9601349784139286,-1.1387950732766772,False
2026-03-03 11:31:27,sell,0.02,5095.84,A,2026-03-03 11:31:40,5096.34,-1.0,sl,-0.0098119250211937,0.2166666666666666,False,0.6766285508504438,1.968065548117327,-4.318089535404712,2.9601349784139286,-1.1387950732766772,True
2026-03-10 08:40:32,buy,0.03,5194.43,B,2026-03-10 10:29:28,5174.13,-60.9,sl,-0.3908032257629842,108.93333333333334,True,0.4466388144115584,2.6313156314109687,0.2747898929448489,2.749150253805135,0.6492494102448898,False
2026-03-12 20:30:35,sell,0.03,5060.5,B,2026-03-12 20:49:26,5081.49,-62.97,sl,-0.4147811481078902,18.85,False,0.42772886633940227,2.6502017492166265,-0.03288979573865536,1.814240473046398,1.4290233126044605,False
2026-03-13 14:55:22,sell,0.03,5057.24,B,2026-03-13 15:05:26,5056.3,2.82,sl,0.0185872135789402,10.066666666666666,False,0.35811100853233757,2.6586642314515454,0.6082160244130885,2.679371779506932,0.9284496085349869,False
2026-03-13 19:47:20,sell,0.02,5014.17,A,2026-03-15 23:55:14,4987.54,53.26,sl,0.5310948771182491,3127.9,False,0.5092112660586431,2.6586642314515454,0.6082160244130885,2.679371779506932,1.9035486039168492,False
2026-03-16 10:01:41,sell,0.02,4970.94,A,2026-03-16 10:51:51,4995.81,-49.74,sl,-0.5003077888689222,50.16666666666666,False,0.5544861929722202,2.7487501393498177,2.148288980356272,1.25077535666407,2.9484050786704907,False
2026-03-16 10:02:15,sell,0.03,4970.2,B,2026-03-16 10:26:50,4987.7,-52.5,sl,-0.3520985071023299,24.58333333333333,False,0.5544861929722202,2.7487501393498177,2.148288980356272,1.25077535666407,2.9484050786704907,True
2026-03-18 10:35:37,sell,0.03,4969.43,B,2026-03-18 10:36:18,4968.78,1.95,sl,0.0130799709423524,0.6833333333333333,False,0.2874031926120779,2.615632028860572,1.6969754533354031,1.414559751507595,1.765147159498659,False
2026-03-18 10:35:37,sell,0.02,4970.7,A,2026-03-18 10:36:24,4969.84,1.72,sl,0.0173013861226723,0.7833333333333333,False,0.2874031926120779,2.615632028860572,1.6969754533354031,1.414559751507595,1.765147159498659,False
2026-03-19 06:35:03,sell,0.02,4806.89,A,2026-03-19 06:36:15,4805.97,1.84,sl,0.0191391939486876,1.2,False,0.5092740551353484,2.7848282583655752,4.507191080363249,4.383915650196387,4.292811020358956,False
2026-03-19 06:35:03,sell,0.03,4806.44,B,2026-03-19 07:06:34,4773.74,98.1,sl,0.6803372142375609,31.516666666666666,False,0.5092740551353484,2.7848282583655752,4.507191080363249,4.383915650196387,4.292811020358956,False
2026-03-20 18:50:33,sell,0.02,4503.77,A,2026-03-20 19:00:02,4503.1,1.34,sl,0.0148764257499844,9.483333333333333,False,0.9537521790478475,2.871395623634674,7.590640825459982,7.8519115104087005,7.188221634769865,False
2026-03-20 18:50:33,sell,0.03,4503.77,B,2026-03-20 19:00:02,4503.1,2.01,sl,0.0148764257499844,9.483333333333333,False,0.9537521790478475,2.871395623634674,7.590640825459982,7.8519115104087005,7.188221634769865,False
2026-03-31 02:24:56,buy,0.03,4584.73,B,2026-03-31 03:01:24,4596.08,34.05,sl,0.2475609250708409,36.46666666666667,True,0.7084284800123684,3.897068347379918,-4.0971051698708845,3.574365829381905,-0.7161468061513965,False
2026-03-31 15:00:37,buy,0.02,4616.51,A,2026-03-31 15:03:37,4617.06,1.1,sl,0.0119137616944441,3.0,True,0.7693772089229147,3.897068347379918,-4.0971051698708845,3.574365829381905,0.6194258558105625,False
2026-04-07 23:54:36,buy,0.02,4797.27,A,2026-04-08 00:35:00,4807.55,20.56,sl,0.2142885432756493,40.4,True,0.7013700143865307,3.7431817742735305,-0.7959584947140996,2.271775926430779,1.4760368780215583,False
2026-04-07 23:54:37,buy,0.03,4799.73,B,2026-04-08 00:35:00,4807.55,23.46,sl,0.1629258312446871,40.38333333333333,True,0.7013700143865307,3.7431817742735305,-0.7959584947140996,2.271775926430779,1.4760368780215583,True
2026-04-14 14:38:08,buy,0.03,4798.97,B,2026-04-14 15:20:24,4799.52,1.65,sl,0.0114607926284219,42.266666666666666,True,0.3801370068084258,2.8363543344250015,0.8927631873146824,2.419232806234388,1.244937679495517,False
2026-04-15 02:16:08,buy,0.02,4854.53,A,2026-04-15 02:20:49,4854.57,0.08,sl,0.0008239726605863,4.683333333333334,True,0.3956141221626625,2.6726087189034273,2.2792997137169424,2.055382400814048,2.349235415854234,False
2026-04-17 14:10:50,buy,0.03,4868.86,B,2026-04-17 14:16:53,4869.8,2.82,sl,0.0193063674042899,6.05,True,0.36188919867960073,2.627416855292253,1.1514232220702025,1.3604874732552996,1.8105564336965196,False
2026-04-17 14:10:50,buy,0.02,4868.16,A,2026-04-17 14:16:53,4869.13,1.94,sl,0.0199253927562005,6.05,True,0.36188919867960073,2.627416855292253,1.1514232220702025,1.3604874732552996,1.8105564336965196,False
2026-04-20 00:43:13,sell,0.04,4749.51,B,2026-04-20 00:48:51,4748.63,3.52,sl,0.0185282271223791,5.633333333333334,False,0.5309509412509135,2.4042317060522174,-0.5703208232991752,0.5226564674030265,-0.2333704981154927,False
2026-04-21 15:46:38,sell,0.03,4739.24,B,2026-04-21 15:54:39,4738.34,2.7,sl,0.0189903866442644,8.016666666666667,False,0.3539145822373184,2.15804016769682,-1.4339575897236223,1.9928496859827152,-0.03419803012292277,False
2026-04-21 18:12:22,sell,0.02,4703.41,A,2026-04-21 19:33:07,4702.58,1.66,sl,0.0176467711724031,80.75,False,0.4903036944631298,2.15804016769682,-1.4339575897236223,1.9928496859827152,1.36000713621941,False
2026-04-23 18:45:26,sell,0.02,4671.28,A,2026-04-23 18:53:18,4695.25,-47.94,sl,-0.5131355859635958,7.866666666666666,False,0.379465747722888,2.2737144827990625,0.5649291576394155,1.1483211067217187,0.5547957052702723,False
2026-04-23 18:46:40,sell,0.03,4670.11,B,2026-04-23 18:53:08,4687.31,-51.6,sl,-0.3682996760247773,6.466666666666667,False,0.379465747722888,2.2737144827990625,0.5649291576394155,1.1483211067217187,0.5547957052702723,True
2026-04-24 05:22:00,sell,0.02,4667.36,A,2026-04-24 05:39:56,4666.52,1.68,sl,0.0179973261115327,17.933333333333334,False,0.45918727704513174,2.1026272263120758,1.1340062861651234,1.9037452752600548,1.7023300780036,False
2026-04-24 05:22:07,sell,0.03,4666.59,B,2026-04-24 05:37:20,4665.67,2.76,sl,0.0197146095971592,15.216666666666669,False,0.45918727704513174,2.1026272263120758,1.1340062861651234,1.9037452752600548,1.7023300780036,True
2026-04-28 06:06:16,sell,0.03,4660.19,B,2026-04-28 06:23:18,4659.33,2.58,sl,0.018454183198532,17.033333333333335,False,0.24398417714255188,1.874180473613496,0.9522665116424633,1.3391552528460728,1.3481778635540342,False
2026-04-28 06:06:16,sell,0.02,4660.19,A,2026-04-28 06:23:18,4659.33,1.72,sl,0.018454183198532,17.033333333333335,False,0.24398417714255188,1.874180473613496,0.9522665116424633,1.3391552528460728,1.3481778635540342,False
2026-04-29 09:37:44,sell,0.02,4557.93,A,2026-04-29 10:20:09,4580.82,-45.78,sl,-0.5022016573312758,42.41666666666666,False,0.293959345761803,1.975985248481003,2.662635314532724,3.1851029559009167,2.8211561926616557,False
2026-04-29 10:50:11,sell,0.03,4557.0,B,2026-04-29 11:17:30,4573.26,-48.78,sl,-0.3568136932192279,27.316666666666663,False,0.3019903719190648,1.975985248481003,2.662635314532724,3.1851029559009167,2.682176721424223,False
2026-05-04 17:07:59,sell,0.03,4512.18,B,2026-05-04 17:09:44,4511.29,2.67,sl,0.019724390427694,1.75,False,0.5058046130442293,1.9026659932532872,1.351962644671545,0.37345988391351315,2.5989795363159818,False
2026-05-04 17:07:59,sell,0.02,4512.69,A,2026-05-04 17:09:45,4511.83,1.72,sl,0.0190573693295943,1.7666666666666666,False,0.5058046130442293,1.9026659932532872,1.351962644671545,0.37345988391351315,2.5989795363159818,False
2026-05-06 06:56:28,buy,0.03,4658.06,B,2026-05-06 07:04:55,4658.92,2.58,sl,0.0184626217781581,8.45,True,0.35808932166764934,1.9353477306323073,-1.816417063424669,1.5956423242103845,0.6468589633987998,False
2026-05-06 09:50:47,buy,0.02,4698.69,A,2026-05-06 10:02:25,4699.52,1.66,sl,0.0176644979771135,11.633333333333333,True,0.36295201172968816,1.9353477306323073,-1.816417063424669,1.5956423242103845,1.3223220007331227,False
2026-05-07 02:48:43,buy,0.02,4720.07,A,2026-05-07 05:15:20,4696.36,-47.42,sl,-0.502323058768197,146.61666666666667,True,0.39774030854580467,1.9720355341564113,0.7251124626694194,3.2666388358778797,1.235151715997107,False
2026-05-07 02:52:39,buy,0.03,4720.85,B,2026-05-07 03:14:30,4704.07,-50.34,sl,-0.3554444644502718,21.85,True,0.39774030854580467,1.9720355341564113,0.7251124626694194,3.2666388358778797,1.235151715997107,True
2026-05-12 00:52:19,buy,0.02,4761.94,A,2026-05-12 01:00:49,4762.88,1.88,sl,0.0197398539250916,8.5,True,0.3990304556713998,1.7991626389262254,1.5525593192740716,2.2570080278174287,1.737378269379164,False
2026-05-12 00:52:19,buy,0.03,4763.15,B,2026-05-12 01:22:53,4764.1,2.85,sl,0.0199447844388845,30.566666666666663,True,0.3990304556713998,1.7991626389262254,1.5525593192740716,2.2570080278174287,1.737378269379164,False
2026-05-12 16:22:47,sell,0.03,4650.29,B,2026-05-12 16:25:35,4649.42,2.61,sl,0.0187085106520215,2.8,False,0.42195376285541425,1.7991626389262254,-1.5525593192740716,2.2570080278174287,0.061168953892598577,False
2026-05-15 01:25:18,sell,0.02,4641.08,A,2026-05-15 01:50:17,4627.7,26.76,sl,0.2882949658269219,24.98333333333333,False,0.3631753073954874,1.8789485633885876,0.41245966182189564,1.594668851516713,0.6236942657603994,False
2026-05-15 01:25:18,sell,0.03,4640.4,B,2026-05-15 01:50:17,4627.7,38.1,sl,0.2736833031635164,24.98333333333333,False,0.3631753073954874,1.8789485633885876,0.41245966182189564,1.594668851516713,0.6236942657603994,False
2026-05-18 01:29:26,sell,0.02,4514.77,A,2026-05-18 01:56:28,4496.57,36.4,sl,0.4031213107201635,27.03333333333333,False,0.5100129156252603,1.8710775028250188,2.370870889558918,0.3761449323819073,2.5815132369867766,False
2026-05-18 01:33:09,sell,0.03,4513.75,B,2026-05-18 01:56:28,4496.57,51.54,sl,0.380614788147334,23.316666666666663,False,0.5100129156252603,1.8710775028250188,2.370870889558918,0.3761449323819073,2.5815132369867766,True
2026-05-19 14:31:21,sell,0.02,4482.68,A,2026-05-19 14:32:58,4481.97,1.42,sl,0.0158387393255828,1.6166666666666667,False,0.3814588727796662,1.8656890061287563,1.6062708467784015,2.268916197892863,1.8827481212956187,False
2026-05-19 14:31:21,sell,0.03,4482.68,B,2026-05-19 14:32:58,4481.97,2.13,sl,0.0158387393255828,1.6166666666666667,False,0.3814588727796662,1.8656890061287563,1.6062708467784015,2.268916197892863,1.8827481212956187,False
2026-05-20 02:32:04,sell,0.02,4467.7,A,2026-05-20 02:38:59,4467.01,1.38,sl,0.0154441882847908,6.916666666666667,False,0.47193316443739425,2.0733905325104534,3.2042375969507764,2.7717199826962657,2.3846838294045103,False
2026-05-20 02:36:09,sell,0.03,4466.87,B,2026-05-20 02:38:55,4466.01,2.58,sl,0.0192528549073439,2.7666666666666666,False,0.47193316443739425,2.0733905325104534,3.2042375969507764,2.7717199826962657,2.3846838294045103,True
2026-05-25 00:02:28,buy,0.03,4568.7,B,2026-05-25 00:51:41,4575.24,19.62,sl,0.1431479414275387,49.21666666666667,True,0.433501140899528,1.824297091989172,-0.8014275128204518,0.37872482104211674,-0.02658360388143599,False
2026-05-26 00:10:34,buy,0.03,4577.78,B,2026-05-26 00:34:47,4561.51,-48.81,sl,-0.355412448828898,24.216666666666665,True,0.23116568018697733,1.7650934514506806,-0.5360841671355754,0.6404441578596528,0.1865289885662813,False
2026-05-26 18:59:04,sell,0.03,4490.84,B,2026-05-26 19:10:41,4489.95,2.67,sl,0.0198181186593226,11.616666666666667,False,0.3823829543804093,1.7650934514506806,0.5360841671355754,0.6404441578596528,1.2034559603242845,False
2026-05-27 07:21:45,sell,0.03,4484.6,B,2026-05-27 09:00:50,4483.7,2.7,sl,0.0200686794809023,99.08333333333331,False,0.3613005931999893,1.8888156638406608,1.7463526013344333,2.161609757503347,1.233209221210041,False
2026-05-27 11:46:17,sell,0.02,4456.18,A,2026-05-27 11:46:54,4455.32,1.72,sl,0.0192990408825626,0.6166666666666667,False,0.36530185921529684,1.8888156638406608,1.7463526013344333,2.161609757503347,1.3410404429529121,False
2026-05-28 03:02:55,sell,0.02,4404.3,A,2026-05-28 03:15:06,4403.79,1.02,sl,0.0115795926708039,12.183333333333334,False,0.4767681610347787,1.9419085993246492,2.644236413285095,2.8308236265412576,2.78097704823258,False
2026-05-28 03:03:15,sell,0.03,4403.65,B,2026-05-28 03:14:43,4402.77,2.64,sl,0.0199834228423966,11.466666666666669,False,0.4767681610347787,1.9419085993246492,2.644236413285095,2.8308236265412576,2.78097704823258,True
2026-05-29 16:04:46,buy,0.02,4577.31,A,2026-05-29 16:35:00,4578.2,1.78,sl,0.0194437344204219,30.23333333333333,True,0.4261507682638733,1.9512081853856116,-1.7266125343953331,3.34408767347774,1.0115078496231167,False
2026-05-29 16:04:57,buy,0.03,4578.2,B,2026-05-29 16:27:51,4579.09,2.67,sl,0.0194399545673043,22.9,True,0.4261507682638733,1.9512081853856116,-1.7266125343953331,3.34408767347774,1.0115078496231167,True
2026-06-03 09:51:47,sell,0.03,4449.97,B,2026-06-03 10:03:37,4449.08,2.67,sl,0.020000134832377,11.833333333333334,False,0.3334713775346358,1.9565204234753137,1.4283183473053906,1.752089776206093,1.2558135316595886,False
2026-06-09 16:31:49,sell,0.02,4271.21,A,2026-06-09 16:32:20,4270.45,1.52,sl,0.017793552646679,0.5166666666666667,False,0.4427768252004778,1.9466010812873389,3.3810697917336263,1.9566026095736808,2.8811030038852548,False
2026-06-09 16:31:49,sell,0.03,4270.11,B,2026-06-09 16:33:16,4269.28,2.49,sl,0.0194374383798058,1.45,False,0.4427768252004778,1.9466010812873389,3.3810697917336263,1.9566026095736808,2.8811030038852548,False
2026-06-17 17:22:45,buy,0.02,4366.53,A,2026-06-17 19:00:01,4371.68,10.3,sl,0.1179426226317131,97.26666666666668,True,0.3344825407447025,2.4023257177915545,-0.6739627372970736,1.10918392294528,1.2658654477245346,False
2026-06-17 18:33:33,buy,0.03,4367.15,B,2026-06-17 19:00:01,4371.68,13.59,sl,0.1037289765636778,26.466666666666665,True,0.32944774942637317,2.4023257177915545,-0.6739627372970736,1.10918392294528,1.1564077825284125,False
2026-06-18 17:35:59,sell,0.04,4221.25,B,2026-06-18 18:00:57,4220.46,3.16,sl,0.0187148356529455,24.966666666666665,False,0.49438057181521494,2.5498354248269255,2.039989372118245,3.8236817496830118,1.7908021192452162,False
2026-06-23 05:59:06,sell,0.04,4122.94,B,2026-06-23 06:01:05,4122.14,3.2,sl,0.0194036294488707,1.9833333333333332,False,0.43315479264206963,2.4670526632331065,2.483496318731848,2.0131168824969676,2.5400519150000744,False
2026-06-23 05:59:06,sell,0.02,4124.36,A,2026-06-23 06:01:20,4123.59,1.54,sl,0.0186695632776849,2.2333333333333334,False,0.43315479264206963,2.4670526632331065,2.483496318731848,2.0131168824969676,2.5400519150000744,False
2026-06-24 00:37:49,sell,0.02,4093.17,A,2026-06-24 00:46:07,4092.83,0.68,sl,0.0083065203741878,8.3,False,0.41358457835082946,2.670070016136148,4.0680606401594765,2.62062782017173,2.9771882559878393,False
2026-06-24 00:37:49,sell,0.04,4092.82,B,2026-06-24 00:46:07,4092.2,2.48,sl,0.0151484795324579,8.3,False,0.41358457835082946,2.670070016136148,4.0680606401594765,2.62062782017173,2.9771882559878393,False
2026-06-30 02:07:11,sell,0.04,3960.29,B,2026-06-30 02:08:40,3959.65,2.56,sl,0.0161604326955822,1.4833333333333334,False,0.4045702247492927,2.252920399647682,4.065023767137877,1.8820452139253954,2.9927378725692066,False
2026-06-30 02:07:11,sell,0.02,3961.68,A,2026-06-30 02:08:41,3961.19,0.98,sl,0.0123684901354925,1.5,False,0.4045702247492927,2.252920399647682,4.065023767137877,1.8820452139253954,2.9927378725692066,False
2026-07-01 14:44:49,buy,0.03,4094.64,B,2026-07-01 14:46:37,4095.32,2.04,sl,0.0166070765683989,1.8,True,0.41006718035001366,2.30675693522143,-3.7148358355506894,3.007816685396479,-1.3655550388823046,False
2026-07-02 13:30:39,buy,0.02,4114.46,A,2026-07-02 13:30:51,4115.14,1.36,sl,0.0165270776724112,0.2,True,0.3835422442905301,2.407515774700513,-2.6756661558242967,3.841409299577524,-0.249008982140142,False
2026-07-02 13:30:39,buy,0.04,4114.46,B,2026-07-02 13:30:51,4115.14,2.72,sl,0.0165270776724112,0.2,True,0.3835422442905301,2.407515774700513,-2.6756661558242967,3.841409299577524,-0.249008982140142,False
2026-07-03 01:49:50,buy,0.02,4141.39,A,2026-07-03 02:41:03,4182.29,81.8,sl,0.9875911227872678,51.21666666666667,True,0.5155062136337818,2.47378827597457,-0.6872798808251757,2.744624574826852,1.121391292200169,False
2026-07-03 01:51:06,buy,0.04,4142.0,B,2026-07-03 02:41:03,4182.29,161.16,sl,0.972718493481409,49.95,True,0.5155062136337818,2.47378827597457,-0.6872798808251757,2.744624574826852,1.121391292200169,True
2026-07-06 00:28:03,buy,0.03,4192.97,A,2026-07-06 00:34:45,4193.79,2.46,sl,0.0195565434524861,6.7,True,0.29894930294620387,2.094197085171818,0.714695568446011,0.3519378068114478,2.2537325345165504,False
2026-07-06 00:28:04,buy,0.04,4193.43,B,2026-07-06 00:34:43,4194.12,2.76,sl,0.016454310671684,6.65,True,0.29894930294620387,2.094197085171818,0.714695568446011,0.3519378068114478,2.2537325345165504,True
2026-07-08 09:56:36,sell,0.04,4058.59,B,2026-07-08 10:15:17,4057.86,2.92,sl,0.0179865421242357,18.683333333333334,False,0.39774884001476585,2.2518039876999127,1.3203553284523384,2.1534917993587777,-0.15613622523391602,False
2026-07-13 15:16:46,sell,0.04,4020.68,B,2026-07-13 15:18:57,4019.9,3.12,sl,0.0193997035327294,2.183333333333333,False,0.4459769855029637,2.0564671270116177,1.411696767377646,0.5859901983389257,1.4166016399992931,False
2026-07-13 15:16:46,sell,0.03,4020.68,A,2026-07-13 15:18:57,4019.9,2.34,sl,0.0193997035327294,2.183333333333333,False,0.4459769855029637,2.0564671270116177,1.411696767377646,0.5859901983389257,1.4166016399992931,False
2026-07-14 01:07:24,sell,0.04,3988.33,B,2026-07-14 01:34:06,4002.5,-56.68,sl,-0.355286548505266,26.7,False,0.42278282248191257,2.080484385923448,2.94480228459153,2.6158068111950294,2.2402646836721107,False
2026-07-14 01:07:24,sell,0.03,3988.33,A,2026-07-14 02:58:16,4009.09,-62.28,sl,-0.5205186130535894,110.86666666666666,False,0.42278282248191257,2.080484385923448,2.94480228459153,2.6158068111950294,2.2402646836721107,False
2026-07-16 14:02:39,sell,0.03,3983.26,A,2026-07-16 14:03:22,3982.57,2.07,sl,0.01732249464007,0.7166666666666667,False,0.35920383341586737,2.178134204145982,1.2277137524670634,1.5695741064610635,1.8895698152513685,False
2026-07-16 14:02:39,sell,0.04,3983.26,B,2026-07-16 14:03:22,3982.57,2.76,sl,0.01732249464007,0.7166666666666667,False,0.35920383341586737,2.178134204145982,1.2277137524670634,1.5695741064610635,1.8895698152513685,False
2026-07-17 13:43:03,sell,0.03,3971.92,A,2026-07-17 13:44:22,3971.13,2.37,sl,0.0198896251686832,1.3166666666666669,False,0.34346832548192957,2.1724377149061986,2.907540579668577,2.3317950574088595,1.4660359469917283,False
2026-07-17 13:43:03,sell,0.04,3968.67,B,2026-07-17 14:02:38,3967.92,3.0,sl,0.0188980187317161,19.58333333333333,False,0.34346832548192957,2.1724377149061986,2.907540579668577,2.3317950574088595,1.4660359469917283,False
2026-07-21 07:41:45,buy,0.04,4079.27,B,2026-07-21 09:21:02,4064.92,-57.4,sl,-0.3517786270582704,99.28333333333332,True,0.34342637805813514,1.8082425507191733,-1.784888945317742,1.4530574698852428,0.5121758573444435,False
2026-07-22 01:30:14,buy,0.03,4101.18,A,2026-07-22 02:55:43,4118.07,50.67,sl,0.4118326920544676,85.48333333333333,True,0.28165641697751564,1.8955510067045969,0.16295138560713518,2.127153804493004,0.8759277151751288,False
2026-07-22 14:31:30,buy,0.04,4140.57,B,2026-07-22 14:34:42,4141.38,3.24,sl,0.0195625240003284,3.2,True,0.34231433038134707,1.8955510067045969,0.16295138560713518,2.127153804493004,1.4411321960444923,False
2026-07-28 10:57:43,sell,0.04,4023.67,B,2026-07-28 11:32:48,4022.89,3.12,sl,0.0193852875608635,35.083333333333336,False,0.25744463642588467,1.761030061458109,0.016718185187281076,1.2480610261344314,0.5222660235576937,False
2026-07-29 02:04:04,sell,0.04,4013.68,B,2026-07-29 02:38:01,4027.77,-56.36,sl,-0.3510494110143346,33.95,False,0.3271858923083699,1.8107910848001993,1.2590356292690785,1.5787495924964614,0.9677988260552217,False
2026-07-29 20:01:48,buy,0.04,4114.17,B,2026-07-29 20:05:51,4099.74,-57.72,sl,-0.3507390312019263,4.05,True,0.4466720557871369,1.8107910848001993,-1.2590356292690785,1.5787495924964614,1.2456804995474302,False
2026-08-05 03:37:53,buy,0.03,4117.89,A,2026-08-05 04:29:29,4130.35,37.38,sl,0.3025821476532893,51.6,True,0.4140102763296124,1.774069065879876,0.14135655811446934,1.5594254954782647,0.9616006657525489,False
2026-08-05 03:37:54,buy,0.04,4118.46,B,2026-08-05 04:29:29,4130.35,47.56,sl,0.2887001451999127,51.583333333333336,True,0.4140102763296124,1.774069065879876,0.14135655811446934,1.5594254954782647,0.9616006657525489,True
2026-08-07 09:33:50,buy,0.02,4301.32,A,2026-08-07 09:36:52,4302.06,1.48,sl,0.0172040210912159,3.033333333333333,True,0.36129104441082754,1.937492778468165,3.3869191092258166,1.9008250821191472,3.745622703507978,False
2026-08-07 09:33:51,buy,0.04,4302.2,B,2026-08-07 09:36:50,4303.02,3.28,sl,0.0190600158058811,2.9833333333333334,True,0.36129104441082754,1.937492778468165,3.3869191092258166,1.9008250821191472,3.745622703507978,True
2026-08-10 19:31:20,buy,0.02,4368.98,A,2026-08-10 21:06:04,4387.5,37.04,sl,0.4238975687689218,94.73333333333332,True,0.36450470214506064,1.8326011308119985,4.737121553124557,0.27085790094340123,4.005546404742333,False
2026-08-10 19:31:21,buy,0.04,4369.69,B,2026-08-10 21:06:04,4387.5,71.24,sl,0.407580400440315,94.71666666666668,True,0.36450470214506064,1.8326011308119985,4.737121553124557,0.27085790094340123,4.005546404742333,True
2026-08-12 13:30:03,buy,0.04,4433.26,B,2026-08-12 13:30:06,4413.12,-80.56,sl,-0.4542932289105608,0.05,True,0.33899375039454477,1.9260775708445927,4.307476716703551,1.7939949920119407,3.6363322423565103,False
2026-08-12 13:30:03,buy,0.02,4432.69,A,2026-08-12 13:30:06,4409.57,-46.24,sl,-0.5215794472430937,0.05,True,0.33899375039454477,1.9260775708445927,4.307476716703551,1.7939949920119407,3.6363322423565103,False
2026-08-13 01:34:10,buy,0.03,4439.02,B,2026-08-13 01:38:25,4439.64,1.86,sl,0.0139670467805932,4.25,True,0.45360565853399815,1.9564239668182517,4.596354200094921,1.7844730852576423,3.2790057037672016,False
2026-08-13 01:34:10,buy,0.02,4438.26,A,2026-08-13 01:38:40,4439.02,1.52,sl,0.0171238278063975,4.5,True,0.45360565853399815,1.9564239668182517,4.596354200094921,1.7844730852576423,3.2790057037672016,False
2026-08-14 02:19:01,sell,0.04,4318.86,B,2026-08-14 03:27:10,4318.23,2.52,sl,0.0145871827287781,68.15,False,0.42900482661281103,2.047156841422599,-3.1265733020224618,2.428075106374668,-1.0460250973938212,False
2026-08-19 13:56:32,buy,0.03,4434.76,B,2026-08-19 13:58:32,4435.59,2.49,sl,0.0187157816882971,2.0,True,0.30833548262088684,1.9438791285366877,1.4195688324434963,2.4689306991919446,0.5527563909694555,False
2026-08-19 14:12:24,buy,0.02,4446.87,A,2026-08-19 14:35:43,4454.49,15.24,sl,0.1713564821998369,23.316666666666663,True,0.4153574268856054,1.9438791285366877,1.4195688324434963,2.4689306991919446,2.234818600284072,False
2026-08-20 16:01:27,buy,0.02,4523.2,A,2026-08-20 16:03:02,4523.99,1.58,sl,0.0174655111425531,1.5833333333333333,True,0.3971566682620424,2.086686958072159,5.174299430669582,4.4419905641171,3.2215010594419002,False
2026-08-20 16:01:27,buy,0.03,4523.2,B,2026-08-20 16:03:02,4523.99,2.37,sl,0.0174655111425531,1.5833333333333333,True,0.3971566682620424,2.086686958072159,5.174299430669582,4.4419905641171,3.2215010594419002,False
2026-08-21 02:34:57,buy,0.02,4538.52,A,2026-08-21 06:01:03,4539.39,1.74,sl,0.0191692445995586,206.1,True,0.4235476398454668,2.1265057216554606,4.770511962604185,1.9969984240621261,2.8022726366065065,False
2026-08-21 02:34:58,buy,0.03,4538.76,B,2026-08-21 03:04:48,4522.71,-48.15,sl,-0.3536208127329971,29.83333333333333,True,0.4235476398454668,2.1265057216554606,4.770511962604185,1.9969984240621261,2.8022726366065065,True
2026-08-24 01:05:08,buy,0.03,4630.01,B,2026-08-24 01:18:08,4630.83,2.46,sl,0.0177105449016245,13.0,True,0.41948387280140764,1.867292110874202,5.398650543474481,0.31652645861600925,4.458052294616421,False
2026-08-24 01:05:08,buy,0.02,4629.51,A,2026-08-24 01:18:54,4630.43,1.84,sl,0.0198725135057505,13.766666666666667,True,0.41948387280140764,1.867292110874202,5.398650543474481,0.31652645861600925,4.458052294616421,False
2026-08-25 00:50:12,buy,0.02,4677.96,A,2026-08-25 01:04:46,4678.76,1.6,sl,0.0171014715816334,14.566666666666666,True,0.4376057211779627,1.757293709232216,6.1184472695749115,1.8471347131499678,4.414587824136307,False
2026-08-25 00:50:15,buy,0.03,4678.78,B,2026-08-25 01:04:10,4679.58,2.4,sl,0.0170984743886265,13.916666666666666,True,0.4376057211779627,1.757293709232216,6.1184472695749115,1.8471347131499678,4.414587824136307,True
2026-08-27 10:37:06,sell,0.04,4584.99,B,2026-08-27 11:42:33,4584.1,3.56,sl,0.0194111655641433,65.45,False,0.3738938417320456,1.9080201931233178,-3.763001908161656,1.9622561281182913,-1.342474012389272,False
2026-08-28 15:05:15,sell,0.03,4567.42,B,2026-08-28 19:45:07,4452.6,2.52,sl,2.513891868932564,279.8666666666667,False,0.37445754447041807,1.9066415496536087,-3.4189524519538272,1.6882102888869641,-1.170426935754043,False
2026-08-28 19:23:56,sell,0.03,4453.44,A,2026-08-28 15:05:29,4566.71,2.13,sl,-2.5434271035424403,-258.45,False,0.6765589959828046,1.9066415496536087,-3.4189524519538272,1.6882102888869641,1.790578056871639,False
2026-09-01 09:09:51,sell,0.04,4397.41,B,2026-09-01 09:12:18,4396.53,3.52,sl,0.0200117796612121,2.45,False,0.34846516317943155,1.9952541140220472,0.229263558771009,1.6970381097149496,2.1553710568368745,False
2026-09-01 09:09:51,sell,0.02,4399.35,A,2026-09-01 09:12:52,4398.5,1.7,sl,0.0193210360621538,3.0166666666666666,False,0.34846516317943155,1.9952541140220472,0.229263558771009,1.6970381097149496,2.1553710568368745,False
2026-09-03 13:32:14,buy,0.03,4470.08,B,2026-09-03 13:41:30,4470.87,2.37,sl,0.0176730617796541,9.266666666666667,True,0.33254922583582264,2.3122395779880534,-1.2327380668135768,2.621153964572329,-0.3408180258410609,False
2026-09-08 19:49:15,sell,0.04,4367.77,B,2026-09-08 19:53:24,4366.9,3.48,sl,0.019918631246627,4.15,False,0.3945945171993233,1.9763907205458473,0.6667334383681389,1.2015309537151952,1.1734764597573166,False
2026-09-10 13:34:33,sell,0.04,4343.53,B,2026-09-10 13:44:49,4342.82,2.84,sl,0.0163461516324288,10.266666666666667,False,0.3704014527391217,2.1214288798890557,0.6060900410059356,2.108538478497534,1.1798903449779519,False
2026-09-11 13:30:11,sell,0.02,4303.64,A,2026-09-11 13:30:22,4302.89,1.5,sl,0.0174271082153711,0.1833333333333333,False,0.40701557514912395,2.2097691225758123,2.2101099526559365,2.796456324617717,1.7081229599332337,False
2026-09-11 13:30:12,sell,0.04,4302.63,B,2026-09-11 13:30:20,4302.4,0.92,sl,0.0053455677109226,0.1333333333333333,False,0.40701557514912395,2.2097691225758123,2.2101099526559365,2.796456324617717,1.7081229599332337,True
2026-09-14 10:19:02,sell,0.02,4292.14,A,2026-09-14 11:12:41,4288.45,7.38,sl,0.0859711006630843,53.65,False,0.3622403606846558,2.139262670473985,1.476509644785462,0.3284916355656165,2.057512507766601,False
2026-09-14 10:19:02,sell,0.04,4292.14,B,2026-09-14 11:12:41,4288.45,14.76,sl,0.0859711006630843,53.65,False,0.3622403606846558,2.139262670473985,1.476509644785462,0.3284916355656165,2.057512507766601,False
2026-09-16 20:07:07,sell,0.04,4255.77,B,2026-09-16 20:15:14,4255.07,2.8,sl,0.0164482573071554,8.116666666666667,False,0.5304272786765657,2.082826093979974,2.140700466814127,1.3056382589313817,2.2302884865640915,False
2026-09-16 20:07:07,sell,0.02,4255.77,A,2026-09-16 20:15:14,4255.07,1.4,sl,0.0164482573071554,8.116666666666667,False,0.5304272786765657,2.082826093979974,2.140700466814127,1.3056382589313817,2.2302884865640915,False
2026-09-17 13:19:13,buy,0.03,4365.02,B,2026-09-17 13:35:35,4365.83,2.43,sl,0.0185566160063296,16.366666666666667,True,0.48320419207181825,2.18868087517101,-2.405922783924108,3.0975048398513088,0.011311033755401212,False
2026-09-23 14:42:32,sell,0.04,4293.32,B,2026-09-23 14:44:36,4292.5,3.28,sl,0.0190994381970062,2.066666666666667,False,0.2903634150052267,1.844484753654434,0.14911631279439508,1.9400271874304942,0.8910388394144042,False
2026-09-24 09:15:35,sell,0.04,4275.96,B,2026-09-24 11:00:25,4256.41,78.2,sl,0.4572072704141334,104.83333333333331,False,0.32825467608076325,1.9449440945136243,1.6454115845415784,2.202815706222871,1.3752664000276305,False
