t_in,side,vol,entry,sl0,tp0,strat,bal_in,t_out,exit,pl,kind,lvl,move_pct,lock_pct,hold_min,exit_type
2025-01-07 13:57:53,buy,0.02,2663.7,2654.46,2707.28,3,1000.0,2025-01-07 15:00:00,2654.29,-18.82,sl,2654.46,-0.35326801066185587,-0.3468859105755071,62.11666666666667,Initial SL
2025-01-08 14:03:39,buy,0.02,2663.42,2650.01,2717.19,2,980.9,2025-01-08 17:29:07,2663.57,-0.3,sl,2663.72,0.0056318567856399274,0.01126371357126278,205.46666666666667,Moved SL (BE/trail)
2025-01-08 14:03:46,buy,0.02,2663.72,2654.46,2707.28,3,999.86,2025-01-08 17:40:01,2650.04,-26.76,sl,2650.21,-0.5135674920787409,-0.5071854399110929,216.25,Moved SL (BE/trail)
2025-01-15 14:00:10,buy,0.01,2694.33,2612.88,2713.6,1,953.5600000000001,2025-01-15 14:15:00,2688.72,-5.61,,,-0.20821502933939523,,14.833333333333334,Closed by EA (fake-out)
2025-01-15 14:00:59,buy,0.02,2695.66,2682.32,2750.36,2,953.49,2025-01-15 14:15:00,2688.78,-13.76,,,-0.2552250654756036,,14.016666666666667,Closed by EA (fake-out)
2025-01-15 18:11:42,buy,0.01,2694.29,2612.88,2713.6,1,947.74,2025-01-15 18:21:00,2694.05,-0.22,,,-0.008907727082080315,,9.3,Closed by EA (fake-out)
2025-01-15 18:20:02,buy,0.01,2694.27,2612.88,2713.6,1,933.7700000000001,2025-01-15 18:45:00,2691.42,-2.85,,,-0.10578004431626782,,24.966666666666665,Closed by EA (fake-out)
2025-01-15 18:30:44,buy,0.01,2694.27,2612.88,2713.6,1,933.48,2025-01-15 19:15:00,2693.9,-0.37,,,-0.01373284785859958,,44.266666666666666,Closed by EA (fake-out)
2025-01-15 18:58:38,buy,0.01,2694.27,2612.88,2713.6,1,930.5600000000001,2025-01-15 19:30:00,2693.82,-0.48,,,-0.016702112260457123,,31.366666666666667,Closed by EA (fake-out)
2025-01-15 19:00:04,buy,0.01,2694.27,2612.88,2713.6,1,930.49,2025-01-15 20:02:02,2693.88,-0.43,,,-0.014475163959063966,,61.96666666666667,Closed by EA (fake-out)
2025-01-15 20:12:30,buy,0.02,2695.67,2682.32,2750.36,2,933.91,2025-01-15 20:55:00,2695.98,-0.44,,,0.011499923952113775,,42.5,Closed by EA (fake-out)
2025-01-15 20:54:01,buy,0.02,2696.2,2686.76,2740.58,3,953.6999999999999,2025-01-16 12:11:11,2704.18,15.9,sl,2704.26,0.29597210889399966,0.2989392478302945,917.1666666666666,Moved SL (BE/trail)
2025-01-15 19:20:35,buy,0.01,2694.3,2612.88,2713.6,1,930.0500000000001,2025-01-16 13:30:16,2713.6,19.31,tp,2713.6,0.7163270608321168,0.7163270608321168,1089.6833333333334,TP
2025-01-15 19:37:11,buy,0.01,2694.29,2612.88,2713.6,1,929.5,2025-01-16 13:30:16,2713.6,19.33,tp,2713.6,0.7167008748130285,0.7167008748130285,1073.0833333333333,TP
2025-01-15 19:47:43,buy,0.01,2694.27,2612.88,2713.6,1,929.4300000000001,2025-01-16 13:30:16,2713.6,19.31,tp,2713.6,0.7174485110994787,0.7174485110994787,1062.55,TP
2025-01-15 20:01:17,buy,0.01,2694.31,2612.88,2713.6,1,929.36,2025-01-16 13:30:16,2713.6,19.33,tp,2713.6,0.7159532496260625,0.7159532496260625,1048.9833333333333,TP
2025-01-16 00:15:55,buy,0.01,2694.28,2612.64,2713.65,1,928.1400000000001,2025-01-16 13:30:17,2713.74,19.46,tp,2713.65,0.7222708849859547,0.7189304749320742,794.3666666666667,TP
2025-01-16 00:16:58,buy,0.02,2696.23,2686.83,2740.34,3,928.28,2025-01-16 15:14:39,2712.95,34.56,sl,2713.08,0.6201251376922517,0.6249466848154612,897.6833333333333,Moved SL (BE/trail)
2025-01-16 17:05:33,buy,0.01,2722.52,2640.91,2741.92,1,1040.71,2025-01-16 18:15:00,2720.87,-1.67,,,-0.06060561538574891,,69.45,Closed by EA (fake-out)
2025-01-16 17:36:44,buy,0.02,2723.95,2710.59,2778.63,2,928.42,2025-01-17 01:04:57,2710.58,-26.74,sl,2710.59,-0.49083132950310737,-0.49046421556928993,448.21666666666664,Initial SL
2025-01-16 17:18:31,buy,0.01,2722.53,2640.91,2741.92,1,1075.2,2025-01-20 03:04:37,2699.08,-23.44,tp,2699.06,-0.8613311882697443,-0.8620657990912957,4906.1,TP
2025-01-16 17:30:05,buy,0.01,2722.6,2640.91,2741.92,1,1075.1299999999999,2025-01-20 03:04:37,2699.08,-23.45,tp,2699.06,-0.8638801145963412,-0.8646147065305209,4894.533333333334,TP
2025-01-16 18:05:24,buy,0.01,2722.54,2640.91,2741.92,1,1075.06,2025-01-20 03:04:37,2699.08,-23.52,tp,2699.06,-0.8616953286269453,-0.8624299367502413,4859.216666666666,TP
2025-01-21 02:05:45,buy,0.01,2721.15,2638.84,2740.64,1,975.82,2025-01-21 02:14:00,2721.67,-0.84,,,0.01910956764603134,,8.25,Closed by EA (fake-out)
2025-01-21 02:32:37,buy,0.02,2723.13,2713.59,2767.61,3,1046.3700000000001,2025-01-21 07:06:37,2723.13,0.0,sl,2723.13,0.0,0.0,274.0,Moved SL (BE/trail)
2025-01-21 02:39:14,buy,0.02,2724.32,2710.55,2778.78,2,1073.3200000000002,2025-01-21 08:15:47,2725.65,2.66,sl,2725.67,0.04881952193574643,0.04955365008515552,336.55,Moved SL (BE/trail)
2025-01-21 02:19:49,buy,0.01,2721.14,2638.84,2740.64,1,974.9100000000001,2025-01-21 16:15:52,2740.65,19.5,tp,2740.64,0.716978913249602,0.716611420213587,836.05,TP
2025-01-21 02:13:09,buy,0.01,2722.51,2639.67,2742.15,1,1046.4399999999998,2025-01-21 16:15:52,2740.65,19.51,tp,2740.64,0.6662969098368737,0.6659296017278046,842.7166666666667,TP
2025-01-30 13:02:21,buy,0.01,2782.19,2697.92,2802.21,1,1016.23,2025-01-30 13:30:00,2780.74,-1.44,,,-0.052117217012507155,,27.65,Closed by EA (fake-out)
2025-01-30 13:20:33,buy,0.01,2782.18,2697.92,2802.21,1,1016.1600000000001,2025-01-30 13:32:00,2781.48,-0.7,,,-0.025160126231941072,,11.45,Closed by EA (fake-out)
2025-01-30 13:42:26,buy,0.02,2784.21,2774.49,2829.84,3,1016.37,2025-01-30 16:26:33,2791.2,13.98,sl,2791.26,0.25105864859330945,0.253213658452494,164.11666666666667,Moved SL (BE/trail)
2025-01-30 14:28:24,buy,0.02,2787.83,2774.35,2843.11,2,974.84,2025-01-30 17:02:36,2789.11,2.56,sl,2789.21,0.04591384697059003,0.04950086626516356,154.2,Moved SL (BE/trail)
2025-01-30 13:31:34,buy,0.01,2782.18,2697.92,2802.21,1,1014.6500000000001,2025-01-31 12:04:41,2802.24,20.05,tp,2802.21,0.7210173317326681,0.7199390406084509,1353.1166666666666,TP
2025-01-30 14:25:57,buy,0.01,2786.36,2702.06,2806.35,1,1013.88,2025-01-31 12:36:29,2806.35,19.99,tp,2806.35,0.717423448513465,0.717423448513465,1330.5333333333333,TP
2025-01-30 14:50:38,buy,0.01,2786.32,2702.06,2806.35,1,1013.8100000000001,2025-01-31 12:36:29,2806.35,20.03,tp,2806.35,0.7188693330270659,0.7188693330270659,1305.85,TP
2025-02-19 01:50:42,buy,0.01,2938.9,2851.07,2959.78,1,1090.07,2025-02-19 02:15:00,2936.98,-1.93,,,-0.06533056585797654,,24.3,Closed by EA (fake-out)
2025-02-19 09:15:11,buy,0.02,2940.52,2925.71,3000.46,2,1090.21,2025-02-19 14:26:13,2930.68,-20.84,sl,2930.91,-0.3346346904629163,-0.32681294464925004,311.03333333333336,Moved SL (BE/trail)
2025-02-19 09:15:14,buy,0.02,2941.1,2930.8,2988.92,3,1090.3500000000001,2025-02-19 15:58:56,2930.17,-20.7,sl,2930.18,-0.3716296623712161,-0.3712896535309943,403.7,Moved SL (BE/trail)
2025-02-19 02:00:03,buy,0.01,2938.91,2850.44,2959.89,1,1090.0,2025-02-20 12:24:34,2940.23,1.33,sl,2940.66,0.04491461119939582,0.05954588605979769,2064.516666666667,Moved SL (BE/trail)
2025-02-19 08:26:22,buy,0.01,2938.87,2850.44,2959.89,1,1088.0,2025-02-20 12:24:34,2940.23,1.36,sl,2940.63,0.046276289866517654,0.05988696335667172,1678.2,Moved SL (BE/trail)
2025-02-19 09:00:09,buy,0.01,2938.87,2850.44,2959.89,1,1087.9299999999998,2025-02-20 12:24:34,2940.23,1.36,sl,2940.63,0.046276289866517654,0.05988696335667172,1644.4166666666667,Moved SL (BE/trail)
2025-02-24 13:52:42,buy,0.02,2953.04,2942.69,3001.49,3,1050.3700000000001,2025-02-24 14:26:41,2942.68,-20.72,sl,2942.71,-0.3508249126324102,-0.3498090103757459,33.983333333333334,Initial SL
2025-03-12 15:51:10,buy,0.02,2928.43,2918.17,2976.5,3,1029.3700000000001,2025-03-12 15:52:00,2927.84,-1.18,,,-0.020147314431271733,,0.8333333333333334,Closed by EA (fake-out)
2025-03-13 13:45:01,buy,0.01,2952.3,2864.29,2973.2,1,1027.9099999999999,2025-03-13 13:46:00,2951.98,-0.32,,,-0.01083900687600053,,0.9833333333333333,Closed by EA (fake-out)
2025-03-13 14:17:07,buy,0.02,2953.78,2939.18,3013.59,2,1029.51,2025-03-13 14:18:00,2952.79,-1.98,,,-0.03351637562717048,,0.8833333333333333,Closed by EA (fake-out)
2025-03-13 14:01:31,buy,0.01,2952.29,2863.32,2973.38,1,1027.52,2025-03-13 15:14:05,2973.46,21.17,tp,2973.38,0.7170704774937445,0.7143607165962742,72.56666666666666,TP
2025-03-13 14:30:55,buy,0.02,2954.38,2944.27,3001.97,3,1028.0500000000002,2025-03-13 15:46:24,2969.81,30.86,sl,2969.84,0.5222754012686194,0.5232908427487336,75.48333333333333,Moved SL (BE/trail)
2025-03-18 00:31:22,buy,0.02,3003.15,2992.61,3052.4,3,1077.5,2025-03-18 00:45:01,3001.83,-2.64,,,-0.043953848459123375,,13.65,Closed by EA (fake-out)
2025-03-27 10:26:21,buy,0.01,3053.35,2961.49,3075.12,1,1074.51,2025-03-27 11:00:00,3051.43,-1.86,,,-0.06288175282886249,,33.65,Closed by EA (fake-out)
2025-03-27 10:30:25,buy,0.01,3053.31,2961.15,3075.19,1,1074.4399999999998,2025-03-27 11:10:00,3052.39,-0.91,,,-0.030131234627341238,,39.583333333333336,Closed by EA (fake-out)
2025-03-27 10:36:51,buy,0.01,3055.68,3044.91,3105.33,3,1074.72,2025-03-27 11:18:02,3053.78,-1.74,,,-0.062179285789075965,,41.18333333333333,Closed by EA (fake-out)
2025-03-27 10:46:03,buy,0.01,3053.29,2961.15,3075.19,1,1074.37,2025-03-27 13:11:39,3045.07,-10.61,sl,3045.07,-0.2692177945756807,-0.2692177945756807,145.6,Moved SL (BE/trail)
2025-03-27 10:36:13,buy,0.02,3054.94,3039.75,3116.88,2,1074.65,2025-03-27 13:22:43,3039.79,-30.3,sl,3039.79,-0.4959180867709379,-0.4959180867709379,166.5,Moved SL (BE/trail)
2025-03-27 11:09:09,buy,0.01,3053.3,2961.15,3075.19,1,1072.4399999999998,2025-03-28 02:04:25,3075.13,21.78,tp,3075.12,0.7149641371630671,0.7146366226705436,895.2666666666667,TP
2025-03-27 11:43:47,buy,0.01,3053.31,2961.15,3075.19,1,1069.6499999999999,2025-03-28 02:04:28,3075.24,21.93,tp,3075.19,0.7182369297581915,0.7165993626588886,860.6833333333333,TP
2025-03-27 11:52:07,buy,0.01,3053.29,2961.15,3075.19,1,1069.58,2025-03-28 02:04:28,3075.24,21.93,tp,3075.19,0.718896665564025,0.7172590877381477,852.35,TP
2025-03-27 14:38:41,buy,0.01,3053.3,2961.15,3075.19,1,1069.51,2025-03-28 02:04:28,3075.24,21.95,tp,3075.19,0.7185667965807355,0.716929224118163,685.7833333333333,TP
2025-03-27 11:17:02,buy,0.01,3055.52,3044.91,3105.33,3,1072.37,2025-03-28 02:04:28,3075.24,21.94,tp,3075.19,0.6453893281667211,0.6437529454888226,887.4333333333333,TP
2025-03-27 14:39:32,buy,0.02,3054.91,3039.76,3116.8,2,1028.46,2025-03-28 02:45:47,3070.35,30.88,sl,3070.36,0.5054158714986712,0.505743213384364,726.25,Moved SL (BE/trail)
2025-03-27 14:39:33,buy,0.01,3055.57,3044.91,3105.33,3,1069.4399999999998,2025-03-28 07:50:22,3078.04,22.47,sl,3078.1,0.735378341847832,0.7373419689288657,1030.8166666666666,Moved SL (BE/trail)
2025-04-10 16:15:10,buy,0.01,3163.79,3072.66,3185.4,1,1190.99,2025-04-10 16:43:28,3167.17,1.26,sl,3167.2,0.1068338922621321,0.10778212207510152,28.3,Moved SL (BE/trail)
2025-04-10 16:15:51,buy,0.02,3165.3,3150.25,3227.0,2,1191.13,2025-04-10 16:44:07,3166.73,2.86,sl,3166.79,0.04517739234827145,0.04707294727197364,28.266666666666666,Moved SL (BE/trail)
2025-04-10 16:25:07,buy,0.01,3165.91,3155.29,3215.87,3,1191.2,2025-04-10 23:33:11,3185.89,22.1,tp,3185.4,0.6310981676674327,0.6156207851770972,428.06666666666666,TP
2025-05-14 12:36:57,sell,0.01,3203.08,3215.28,3150.44,3,1217.1399999999999,2025-05-14 12:48:33,3198.06,5.02,sl,3197.83,0.1567241530027343,0.1639047416861271,11.6,Moved SL (BE/trail)
2025-06-02 13:41:39,buy,0.01,3363.78,3352.07,3418.92,3,1222.09,2025-06-02 15:26:38,3370.09,6.31,sl,3370.15,0.1875865841404594,0.18937029175510559,104.98333333333333,Moved SL (BE/trail)
2025-06-05 09:30:14,buy,0.02,3390.0,3378.21,3445.41,3,1228.3300000000002,2025-06-05 09:31:00,3386.16,-7.68,,,-0.11327433628319013,,0.7666666666666667,Closed by EA (fake-out)
2025-06-13 00:02:29,buy,0.02,3400.74,3384.11,3468.68,2,1220.3700000000001,2025-06-13 00:14:45,3403.23,3.6,sl,3403.34,0.07321935813970597,0.07645394825833095,12.266666666666667,Moved SL (BE/trail)
2025-06-13 00:02:47,buy,0.02,3401.43,3389.74,3456.09,3,1220.51,2025-06-13 00:14:49,3402.34,3.2,sl,3402.42,0.026753453694484647,0.029105405667623218,12.033333333333333,Moved SL (BE/trail)
2025-06-24 13:41:22,sell,0.02,3295.7,3307.35,3240.79,3,1220.23,2025-06-24 13:42:00,3297.92,-4.44,,,-0.06736050004552158,,0.6333333333333333,Closed by EA (fake-out)
2025-06-27 03:50:11,sell,0.02,3295.72,3307.53,3240.07,3,1222.45,2025-06-27 06:59:03,3295.86,-0.28,sl,3295.72,-0.004247933683696656,-0.0,188.86666666666667,Moved SL (BE/trail)
2025-07-11 15:53:07,buy,0.02,3361.59,3349.86,3416.68,3,1222.0300000000002,2025-07-11 18:11:04,3349.7,-23.78,sl,3349.93,-0.35370167093548965,-0.3468596705725656,137.95,Moved SL (BE/trail)
2025-07-21 12:46:29,buy,0.02,3374.67,3357.89,3443.28,2,1197.8300000000002,2025-07-21 18:10:28,3393.23,37.12,sl,3393.24,0.5499797017189813,0.550276026989297,323.98333333333335,Moved SL (BE/trail)
2025-07-21 12:58:42,buy,0.02,3375.31,3363.61,3430.47,3,1197.97,2025-07-21 18:16:43,3392.4,34.18,sl,3392.4,0.5063238635858675,0.5063238635858675,318.01666666666665,Moved SL (BE/trail)
2025-07-30 19:50:01,sell,0.02,3284.6,3296.35,3229.89,3,1198.1100000000001,2025-07-30 23:05:00,3277.67,13.86,sl,3277.02,0.21098459477561457,0.23077391463191643,194.98333333333332,Moved SL (BE/trail)
2025-08-26 01:22:45,buy,0.02,3376.67,3364.87,3432.22,3,1282.71,2025-08-26 02:06:54,3377.33,1.32,sl,3377.37,0.019545883962597897,0.02073048299063332,44.15,Moved SL (BE/trail)
2025-08-28 12:32:49,buy,0.02,3406.62,3394.83,3462.18,3,1282.5700000000002,2025-08-28 14:07:00,3394.69,-23.86,sl,3394.83,-0.35020049198325137,-0.3460908466456477,94.18333333333334,Initial SL
2025-08-28 13:07:01,buy,0.02,3406.63,3394.74,3462.57,3,1283.75,2025-08-28 14:07:00,3394.69,-23.88,sl,3394.74,-0.3504930092202574,-0.34902528305100133,59.983333333333334,Initial SL
2025-08-28 14:33:20,buy,0.02,3406.68,3394.74,3462.57,3,1283.6100000000001,2025-08-29 01:20:31,3414.57,15.78,sl,3414.58,0.2316037902004394,0.23189733112590824,647.1833333333333,Moved SL (BE/trail)
2025-08-29 15:13:35,buy,0.02,3436.19,3419.6,3504.18,2,1282.8500000000001,2025-08-29 17:09:00,3447.06,-2.78,,,0.31633873563452225,,115.41666666666667,Closed by EA (fake-out)
2025-08-29 15:10:25,buy,0.01,3434.34,3330.76,3458.95,1,1251.51,2025-08-29 17:15:00,3444.21,-2.42,,,0.2873914638620489,,124.58333333333333,Closed by EA (fake-out)
2025-08-29 17:08:09,buy,0.02,3448.45,3431.43,3518.02,2,1251.3700000000001,2025-09-01 02:25:20,3437.85,3.32,sl,3437.91,-0.30738447708390465,-0.305644564949469,3437.1833333333334,Moved SL (BE/trail)
2025-08-29 16:43:05,buy,0.01,3446.74,3343.06,3471.25,1,1251.4399999999998,2025-09-01 02:59:36,3458.96,24.62,tp,3458.95,0.3545379111856495,0.354247781962087,3496.516666666667,TP
2025-08-29 17:01:17,buy,0.01,3446.63,3343.06,3471.25,1,1251.23,2025-09-01 03:08:38,3471.26,24.52,tp,3471.25,0.7146110838703345,0.7143209453872301,3487.35,TP
2025-08-29 17:31:55,buy,0.01,3446.63,3343.06,3471.25,1,1245.96,2025-09-01 03:08:38,3471.26,24.63,tp,3471.25,0.7146110838703345,0.7143209453872301,3456.7166666666667,TP
2025-08-29 20:35:38,buy,0.01,3446.64,3343.06,3471.25,1,1245.75,2025-09-01 03:08:38,3471.26,24.62,tp,3471.25,0.7143188728733011,0.7140287352319977,3273.0,TP
2025-09-02 02:29:33,buy,0.02,3497.25,3480.27,3566.86,2,1245.89,2025-09-02 08:24:04,3480.2,-34.1,sl,3480.27,-0.4875259132175333,-0.48552434055329236,354.51666666666665,Initial SL
2025-09-15 16:49:28,buy,0.02,3671.55,3653.38,3746.07,2,1313.0800000000002,2025-09-15 17:46:02,3676.16,7.58,sl,3676.21,0.12556004957033604,0.12692187223379375,56.56666666666667,Moved SL (BE/trail)
2025-09-15 16:49:36,buy,0.02,3672.37,3659.53,3732.33,3,1313.2900000000002,2025-09-16 03:46:30,3675.67,8.24,sl,3675.67,0.08986022650223648,0.08986022650223648,656.9,Moved SL (BE/trail)
2025-09-15 16:47:21,buy,0.01,3669.64,3558.77,3695.99,1,1313.1499999999999,2025-09-16 09:14:52,3696.06,26.42,tp,3695.99,0.7199616311136807,0.7180540870494084,987.5166666666667,TP
2025-09-22 07:25:40,buy,0.02,3704.51,3686.04,3780.08,2,1354.97,2025-09-22 08:11:11,3710.69,10.82,sl,3710.69,0.16682368248431872,0.16682368248431872,45.516666666666666,Moved SL (BE/trail)
2025-09-22 07:22:59,buy,0.01,3702.54,3590.06,3729.28,1,1355.04,2025-09-22 16:24:45,3729.31,26.77,tp,3729.28,0.7230171719954405,0.7222069174134577,541.7666666666667,TP
2025-09-22 07:25:52,buy,0.02,3705.28,3692.5,3765.31,3,1355.18,2025-09-22 23:45:35,3740.3,71.58,sl,3740.3,0.945137749373866,0.945137749373866,979.7166666666667,Moved SL (BE/trail)
2025-09-29 02:00:04,buy,0.02,3787.99,3769.21,3864.8,2,1463.7900000000002,2025-09-29 02:01:00,3787.02,-1.94,,,-0.025607248171188413,,0.9333333333333333,Closed by EA (fake-out)
2025-09-29 02:01:43,buy,0.02,3788.72,3775.62,3850.44,3,1464.0,2025-09-29 02:02:00,3786.71,-4.02,,,-0.053052218163384034,,0.2833333333333333,Closed by EA (fake-out)
2025-09-29 03:15:21,buy,0.02,3788.01,3769.12,3865.12,2,1457.6200000000001,2025-09-29 03:47:20,3788.67,-0.12,sl,3788.73,0.01742339645354301,0.019007341585682187,31.983333333333334,Moved SL (BE/trail)
2025-09-29 01:46:33,buy,0.01,3786.27,3671.65,3813.17,1,1463.86,2025-09-29 06:59:28,3813.19,26.92,tp,3813.17,0.7109899716607657,0.7104617473133212,312.9166666666667,TP
2025-09-29 03:12:19,buy,0.01,3786.0,3671.13,3813.26,1,1457.6899999999998,2025-09-29 06:59:28,3813.38,27.38,tp,3813.26,0.7231907025884868,0.7200211304807241,227.15,TP
2025-09-29 03:15:01,buy,0.01,3785.97,3671.13,3813.26,1,1457.34,2025-09-29 06:59:28,3813.38,27.41,tp,3813.26,0.7239888324524576,0.7208192352290277,224.45,TP
2025-09-29 03:18:59,buy,0.02,3788.73,3775.51,3850.81,3,1457.48,2025-09-29 08:34:20,3811.09,46.16,sl,3811.18,0.590171376688234,0.5925468428734646,315.35,Moved SL (BE/trail)
2025-10-13 00:08:24,buy,0.02,4056.81,4042.8,4122.3,3,1585.0200000000002,2025-10-13 00:14:16,4041.33,-30.96,sl,4042.8,-0.38158060150709594,-0.3453452343097104,5.866666666666666,Initial SL
2025-10-13 00:06:49,buy,0.01,4054.0,3931.37,4082.86,1,1584.8799999999999,2025-10-13 11:51:17,4082.86,28.86,tp,4082.86,0.7118894918598946,0.7118894918598946,704.4666666666667,TP
2025-10-20 20:55:48,buy,0.02,4377.84,4361.92,4447.1,3,1582.71,2025-10-20 21:02:24,4362.58,-30.52,sl,4362.9,-0.3485737258556781,-0.34126418507758416,6.6,Moved SL (BE/trail)
2025-10-27 14:07:16,sell,0.02,4006.77,4021.27,3938.94,3,1552.0500000000002,2025-10-27 14:28:33,3999.77,14.0,sl,3999.76,0.17470431295033156,0.1749538905402547,21.283333333333335,Moved SL (BE/trail)
2025-12-01 01:39:33,buy,0.02,4241.89,4221.23,4325.69,2,1565.7700000000002,2025-12-01 02:20:16,4244.74,3.1,sl,4245.12,0.06718703219554147,0.07614530315495129,40.71666666666667,Moved SL (BE/trail)
2025-12-01 01:39:35,buy,0.02,4243.19,4228.27,4309.82,3,1565.91,2025-12-01 02:22:12,4244.0,4.22,sl,4244.01,0.01908941150409009,0.01932508325105919,42.61666666666667,Moved SL (BE/trail)
2025-12-05 15:39:27,buy,0.01,4258.91,4130.52,4289.34,1,1572.81,2025-12-05 16:29:15,4218.14,-40.77,tp,4218.04,-0.9572871932020053,-0.9596352118264977,49.8,TP
2025-12-11 15:50:19,buy,0.01,4258.87,4130.92,4289.27,1,1531.83,2025-12-11 16:31:00,4255.99,-2.91,,,-0.06762357151075542,,40.68333333333333,Closed by EA (fake-out)
2025-12-11 15:51:36,buy,0.02,4261.23,4240.01,4347.3,2,1572.74,2025-12-11 18:56:00,4274.75,25.34,sl,4274.8,0.31727928321166515,0.31845265334189005,184.4,Moved SL (BE/trail)
2025-12-11 16:43:50,buy,0.02,4262.08,4247.14,4331.4,3,1572.95,2025-12-11 19:01:05,4263.29,4.12,sl,4263.34,0.028389894136197268,0.02956303025753196,137.25,Moved SL (BE/trail)
2025-12-11 16:19:31,buy,0.01,4258.86,4130.41,4289.37,1,1531.76,2025-12-12 07:35:28,4289.32,30.45,tp,4289.27,0.7152148697069178,0.7140408466115525,915.95,TP
2025-12-11 16:30:03,buy,0.01,4258.9,4130.41,4289.37,1,1531.6899999999998,2025-12-12 07:35:29,4289.44,30.58,tp,4289.37,0.7170865716499558,0.7154429547535809,905.4333333333333,TP
2025-12-17 15:33:14,buy,0.01,4347.69,4216.39,4378.88,1,1619.06,2025-12-17 15:45:00,4332.17,-15.52,,,-0.3569711731977102,,11.766666666666667,Closed by EA (fake-out)
2025-12-18 16:10:26,buy,0.02,4350.81,4335.73,4421.78,3,1619.2,2025-12-18 16:32:52,4363.68,25.74,sl,4363.7,0.2958069876643634,0.2962666721828675,22.433333333333334,Moved SL (BE/trail)
2025-12-18 16:10:26,buy,0.02,4350.27,4328.41,4438.17,2,1618.99,2025-12-18 17:06:03,4352.4,4.26,sl,4352.42,0.048962478190990436,0.04942221977025877,55.61666666666667,Moved SL (BE/trail)
2025-12-18 16:10:14,buy,0.01,4347.7,4216.39,4378.88,1,1603.33,2025-12-18 17:06:07,4349.94,2.24,sl,4350.28,0.05152149412332456,0.059341720909904715,55.88333333333333,Moved SL (BE/trail)
2025-12-22 01:00:30,buy,0.02,4371.8,4356.62,4443.38,3,1635.2900000000002,2025-12-22 01:15:00,4364.68,-14.24,,,-0.16286197904752941,,14.5,Closed by EA (fake-out)
2025-12-22 01:39:07,buy,0.01,4375.84,4243.59,4407.24,1,1635.36,2025-12-22 05:32:15,4407.27,31.43,tp,4407.24,0.7182620936780204,0.7175765110241608,233.13333333333333,TP
2025-12-22 01:40:01,buy,0.02,4378.18,4356.57,4466.42,2,1629.0,2025-12-22 05:42:39,4399.52,42.68,sl,4399.74,0.48741714593735624,0.49244206496762327,242.63333333333333,Moved SL (BE/trail)
2026-01-11 23:42:39,buy,0.01,4543.91,4407.35,4576.31,1,1694.74,2026-01-12 00:00:00,4540.19,-3.67,,,-0.08186781868479469,,17.35,Closed by EA (fake-out)
2026-01-11 23:46:56,buy,0.01,4543.86,4407.35,4576.31,1,1694.6699999999998,2026-01-12 00:32:28,4576.46,32.55,tp,4576.31,0.7174516820500713,0.7141505240038366,45.53333333333333,TP
2026-01-12 00:05:38,buy,0.02,4546.42,4523.9,4637.72,2,1695.0200000000002,2026-01-12 00:59:20,4588.7,84.56,sl,4588.72,0.9299624759700984,0.9304023825339538,53.7,Moved SL (BE/trail)
2026-01-12 00:05:48,buy,0.02,4547.13,4531.49,4620.76,3,1694.88,2026-01-12 01:00:20,4587.56,80.86,sl,4587.59,0.8891322658468152,0.8897920226604482,54.53333333333333,Moved SL (BE/trail)
2026-02-22 23:05:00,buy,0.02,5118.51,5099.03,5197.44,3,1888.9,2026-02-23 00:00:28,5156.64,76.26,sl,5156.68,0.7449433526553647,0.7457248300775045,55.46666666666667,Moved SL (BE/trail)
2026-02-27 15:58:21,buy,0.02,5246.5,5220.5,5352.17,2,1964.88,2026-02-27 15:59:00,5243.43,-6.14,,,-0.058515200609924885,,0.65,Closed by EA (fake-out)
2026-02-27 16:10:56,buy,0.02,5247.68,5229.35,5332.28,3,1965.0200000000002,2026-02-27 16:24:07,5229.04,-37.28,sl,5229.57,-0.3552045856454724,-0.3451048844441845,13.183333333333334,Moved SL (BE/trail)
2026-03-15 23:20:14,sell,0.02,4998.97,5017.39,4914.08,3,1921.18,2026-03-15 23:28:28,4990.07,17.8,sl,4989.99,0.17803667555517527,0.1796370052230854,8.233333333333333,Moved SL (BE/trail)
2026-03-18 10:35:37,sell,0.02,4970.7,4988.29,4888.03,3,1938.8400000000001,2026-03-18 11:14:23,4964.89,11.62,sl,4964.83,0.11688494578227393,0.11809201923270146,38.766666666666666,Moved SL (BE/trail)
2026-03-23 00:34:38,sell,0.02,4404.71,4430.62,4298.9,2,1921.3200000000002,2026-03-23 00:38:09,4342.43,124.56,sl,4342.36,1.4139409858991794,1.4155301938152651,3.5166666666666666,Moved SL (BE/trail)
2026-04-07 23:54:37,buy,0.02,4797.36,4781.1,4874.01,3,2074.8799999999997,2026-04-08 00:00:45,4804.36,14.0,sl,4806.62,0.14591358580552638,0.19302282922274372,6.133333333333334,Moved SL (BE/trail)
2026-04-15 02:16:05,buy,0.02,4853.85,4830.27,4949.35,2,2088.6,2026-04-15 02:20:49,4857.36,5.66,sl,4858.3,0.07231373033775886,0.09167980057067725,4.733333333333333,Moved SL (BE/trail)
2026-04-15 02:16:08,buy,0.02,4854.53,4837.81,4933.1,3,2088.74,2026-04-15 02:20:49,4855.84,3.98,sl,4856.23,0.026985104634236482,0.035018838074948926,4.683333333333334,Moved SL (BE/trail)
2026-04-28 06:06:16,sell,0.02,4660.19,4677.11,4583.41,3,2098.1,2026-04-28 07:05:15,4635.97,48.44,sl,4635.9,0.5197212989169829,0.5212233835959471,58.983333333333334,Moved SL (BE/trail)
2026-05-04 17:07:59,sell,0.02,4512.69,4529.18,4436.57,3,2146.4,2026-05-04 18:17:20,4528.98,-32.58,sl,4528.92,-0.36098203067349993,-0.35965244676679486,69.35,Moved SL (BE/trail)
2026-05-04 17:07:59,sell,0.03,4511.38,4534.94,4416.99,2,2146.26,2026-05-05 02:02:32,4531.98,-61.8,sl,4531.89,-0.4566230288736363,-0.4546280738931373,534.55,Moved SL (BE/trail)
2026-05-12 00:52:19,buy,0.02,4761.94,4745.35,4839.08,3,2051.39,2026-05-12 01:23:11,4761.72,-0.44,sl,4761.94,-0.004619965812239238,0.0,30.866666666666667,Moved SL (BE/trail)
2026-05-18 01:33:58,sell,0.02,4502.34,4525.97,4406.24,2,2051.67,2026-05-18 01:49:06,4493.24,20.42,sl,4492.89,0.20211712131914436,0.20989085675448363,15.133333333333333,Moved SL (BE/trail)
2026-05-18 01:33:58,sell,0.02,4503.45,4520.1,4426.2,3,2051.5299999999997,2026-05-18 01:56:34,4500.42,3.84,sl,4500.07,0.06728175065782335,0.07505357004074897,22.6,Moved SL (BE/trail)
2026-05-18 01:33:57,sell,0.01,4504.38,4646.78,4470.78,1,2050.81,2026-05-18 01:56:35,4501.75,2.63,sl,4501.65,0.05838761383364879,0.06060767519615291,22.633333333333333,Moved SL (BE/trail)
2026-05-27 11:46:17,sell,0.02,4456.18,4472.15,4381.28,3,2077.6299999999997,2026-05-27 13:18:17,4438.15,36.06,sl,4438.05,0.40460663617718884,0.4068507106984033,92.0,Moved SL (BE/trail)
2026-05-27 11:46:17,sell,0.03,4454.91,4477.86,4361.82,2,2077.4900000000002,2026-05-27 13:19:15,4452.77,6.42,sl,4452.62,0.04803688514469244,0.05140395653335227,92.96666666666667,Moved SL (BE/trail)
2026-05-27 11:46:15,sell,0.01,4456.87,4596.41,4424.07,1,2077.28,2026-05-27 13:19:22,4454.16,2.71,sl,4454.13,0.060805004408924564,0.06147812253890694,93.11666666666666,Moved SL (BE/trail)
2026-06-10 18:44:50,sell,0.01,4102.24,4234.03,4071.05,1,2122.19,2026-06-10 21:09:31,4071.02,31.22,tp,4071.05,0.7610476227621934,0.7603163149888744,144.68333333333334,TP
2026-06-10 19:50:06,sell,0.01,4102.2,4234.36,4070.98,1,2122.1200000000003,2026-06-10 21:09:31,4070.73,31.47,tp,4070.98,0.7671493345034324,0.7610550436351178,79.41666666666667,TP
2026-06-10 19:50:36,sell,0.03,4100.42,4122.71,4009.25,2,2122.4,2026-06-10 23:30:36,4047.87,157.65,sl,4047.86,1.2815760336746036,1.2818199111310535,220.0,Moved SL (BE/trail)
2026-06-24 13:25:03,sell,0.03,4021.47,4041.53,3955.52,3,2342.39,2026-06-24 13:28:39,4019.94,4.59,sl,4019.57,0.038045789226321354,0.04724640492157436,3.6,Moved SL (BE/trail)
2026-06-24 13:25:03,sell,0.03,4021.47,4046.83,3937.54,2,2342.18,2026-06-24 13:28:39,4019.94,4.59,sl,4019.38,0.038045789226321354,0.051971045413734054,3.6,Moved SL (BE/trail)
2026-06-24 13:25:03,sell,0.01,4021.47,4154.0,3997.1,1,2341.9700000000003,2026-06-24 13:56:37,3996.89,24.58,tp,3997.1,0.6112192805118508,0.6059973094415696,31.566666666666666,TP
2026-06-30 02:07:11,sell,0.03,3960.29,3975.65,3895.13,3,2375.66,2026-06-30 02:08:29,3955.39,14.7,sl,3955.36,0.12372831282557821,0.12448583310817735,1.3,Moved SL (BE/trail)
2026-06-30 02:07:11,sell,0.03,3960.29,3980.95,3877.02,2,2375.38,2026-06-30 02:08:32,3958.37,5.76,sl,3958.26,0.048481298086758114,0.05125887245630359,1.35,Moved SL (BE/trail)
2026-06-30 02:07:11,sell,0.01,3961.95,4086.71,3932.85,1,2375.4500000000003,2026-06-30 06:16:44,3982.14,-20.19,tp,3982.31,-0.5095975466626297,-0.5138883630535501,249.55,TP
2026-08-05 06:46:53,buy,0.03,4163.72,4149.24,4230.23,3,2375.44,2026-08-05 07:21:53,4163.7,-0.06,sl,4163.72,-0.00048033969624366085,0.0,35.0,Moved SL (BE/trail)
2026-08-19 14:12:24,buy,0.03,4446.37,4424.09,4535.93,2,2374.96,2026-08-19 14:35:43,4454.49,22.71,sl,4454.84,0.18262087950395245,0.1904924691377518,23.316666666666666,Moved SL (BE/trail)
2026-08-19 14:12:32,buy,0.03,4446.92,4431.61,4519.06,3,2375.17,2026-08-19 14:36:08,4448.53,6.48,sl,4448.58,0.03620483390750615,0.03732920763134606,23.6,Moved SL (BE/trail)
2026-08-19 14:10:17,buy,0.01,4443.8,4309.12,4475.67,1,2374.75,2026-08-19 14:36:17,4446.38,2.58,sl,4446.45,0.0580584184706766,0.059633646878789234,26.0,Moved SL (BE/trail)
2026-09-14 10:25:58,sell,0.03,4285.31,4300.98,4211.49,3,2406.45,2026-09-14 13:43:15,4285.46,-0.45,sl,4285.31,-0.0035003301978068376,-0.0,197.28333333333333,Moved SL (BE/trail)
2026-09-14 10:26:01,sell,0.03,4284.11,4306.3,4193.54,2,2406.2400000000002,2026-09-14 15:14:56,4281.96,6.45,sl,4281.94,0.0501854527544726,0.05065229417545471,288.9166666666667,Moved SL (BE/trail)
