time,type,dir,vol,price,order,com,pl,bal,cm
2025-01-08 14:32:05,buy,in,0.01,2665.52,9,-0.07,0.0,999.86,GoldBreakout B
2025-01-08 14:34:00,sell,out,0.01,2663.95,12,0.0,-1.57,998.22,
2025-01-08 14:34:55,buy,in,0.01,2665.56,13,-0.07,0.0,998.15,GoldBreakout B
2025-01-08 14:46:00,sell,out,0.01,2662.78,14,0.0,-2.78,995.37,
2025-01-08 14:50:02,buy,in,0.01,2665.43,15,-0.07,0.0,995.3,GoldBreakout B
2025-01-08 14:56:00,sell,out,0.01,2663.9,16,0.0,-1.53,993.77,
2025-01-16 00:18:15,buy,in,0.01,2697.93,17,-0.07,0.0,993.7,GoldBreakout B
2025-01-16 00:25:01,sell,out,0.01,2695.84,18,0.0,-2.09,991.61,
2025-01-16 01:01:58,buy,in,0.01,2697.96,19,-0.07,0.0,991.54,GoldBreakout B
2025-01-16 01:53:00,sell,out,0.01,2696.95,20,0.0,-1.01,990.53,
2025-01-21 02:39:24,buy,in,0.01,2724.86,21,-0.07,0.0,990.46,GoldBreakout B
2025-01-21 02:50:00,sell,out,0.01,2723.46,22,0.0,-1.4,989.06,
2025-01-21 02:59:57,buy,in,0.01,2724.8,23,-0.07,0.0,988.99,GoldBreakout B
2025-01-21 03:00:14,buy,in,0.01,2726.29,7,-0.07,0.0,999.93,GoldBreakout A
2025-01-21 03:00:14,buy,in,0.01,2726.29,11,-0.07,0.0,999.79,GoldBreakout C
2025-01-21 03:01:00,sell,out,0.01,2725.43,24,0.0,-0.86,988.13,
2025-01-21 03:01:00,sell,out,0.01,2725.43,25,0.0,-0.86,987.27,
2025-01-21 03:05:00,sell,out,0.01,2724.04,28,0.0,-0.76,986.37,
2025-01-21 03:24:00,buy,in,0.01,2726.21,26,-0.07,0.0,987.2,GoldBreakout A
2025-01-21 03:24:00,buy,in,0.01,2726.21,27,-0.07,0.0,987.13,GoldBreakout C
2025-01-21 03:29:00,sell,out,0.01,2724.62,29,0.0,-1.59,984.78,
2025-01-21 03:29:00,sell,out,0.01,2724.62,30,0.0,-1.59,983.19,
2025-01-21 04:17:11,buy,in,0.01,2726.22,31,-0.07,0.0,983.12,GoldBreakout A
2025-01-21 04:17:11,buy,in,0.01,2726.22,32,-0.07,0.0,983.05,GoldBreakout C
2025-01-21 04:20:00,sell,out,0.01,2725.19,33,0.0,-1.03,982.02,
2025-01-21 04:20:00,sell,out,0.01,2725.19,34,0.0,-1.03,980.99,
2025-01-24 02:00:24,buy,in,0.01,2763.47,35,-0.07,0.0,980.92,GoldBreakout A
2025-01-24 02:00:24,buy,in,0.01,2763.47,36,-0.07,0.0,980.85,GoldBreakout B
2025-01-24 02:00:24,buy,in,0.01,2763.47,37,-0.07,0.0,980.78,GoldBreakout C
2025-01-24 06:50:05,sell,out,0.01,2773.32,38,0.0,9.85,990.63,sl 2773.43
2025-01-24 16:16:10,sell,out,0.01,2773.81,39,0.0,10.34,1000.97,sl 2773.84
2025-01-26 23:05:03,sell,out,0.01,2764.09,40,0.0,0.62,1001.59,sl 2764.85
2025-01-30 13:58:14,buy,in,0.01,2786.04,41,-0.07,0.0,1001.52,GoldBreakout A
2025-01-30 13:58:14,buy,in,0.01,2786.04,42,-0.07,0.0,1001.45,GoldBreakout B
2025-01-30 13:58:14,buy,in,0.01,2786.04,43,-0.07,0.0,1001.38,GoldBreakout C
2025-01-30 14:02:00,sell,out,0.01,2785.01,44,0.0,-1.03,1000.35,
2025-01-30 14:02:00,sell,out,0.01,2785.01,45,0.0,-1.03,999.32,
2025-01-30 14:02:00,sell,out,0.01,2785.01,46,0.0,-1.03,998.29,
2025-02-19 09:15:49,buy,in,0.01,2942.86,52,-0.07,0.0,998.15,GoldBreakout A
2025-02-19 09:15:49,buy,in,0.01,2942.86,53,-0.07,0.0,998.08,GoldBreakout B
2025-02-19 09:15:49,buy,in,0.01,2942.86,54,-0.07,0.0,998.01,GoldBreakout C
2025-02-19 11:39:00,sell,out,0.01,2941.96,55,0.0,-0.9,997.11,
2025-02-19 11:39:00,sell,out,0.01,2941.96,56,0.0,-0.9,996.21,
2025-02-19 11:39:00,sell,out,0.01,2941.96,57,0.0,-0.9,995.31,
2025-02-24 14:00:28,buy,in,0.01,2954.9,58,-0.07,0.0,995.24,GoldBreakout A
2025-02-24 14:00:28,buy,in,0.01,2954.9,59,-0.07,0.0,995.17,GoldBreakout B
2025-02-24 14:00:28,buy,in,0.01,2954.9,60,-0.07,0.0,995.1,GoldBreakout C
2025-02-24 14:09:00,sell,out,0.01,2953.99,61,0.0,-0.91,994.19,
2025-02-24 14:09:00,sell,out,0.01,2953.99,62,0.0,-0.91,993.28,
2025-02-24 14:09:00,sell,out,0.01,2953.99,63,0.0,-0.91,992.37,
2025-02-24 14:10:05,buy,in,0.01,2954.95,64,-0.07,0.0,992.3,GoldBreakout A
2025-02-24 14:10:05,buy,in,0.01,2954.95,65,-0.07,0.0,992.23,GoldBreakout B
2025-02-24 14:10:05,buy,in,0.01,2954.95,66,-0.07,0.0,992.16,GoldBreakout C
2025-02-24 14:14:00,sell,out,0.01,2952.21,67,0.0,-2.74,989.42,
2025-02-24 14:14:00,sell,out,0.01,2952.22,68,0.0,-2.73,986.69,
2025-02-24 14:14:00,sell,out,0.01,2952.24,69,0.0,-2.71,983.98,
2025-02-28 08:44:31,sell,in,0.01,2852.58,51,-0.07,0.0,998.22,GoldBreakout B
2025-02-28 08:46:00,buy,out,0.01,2854.56,76,0.0,-1.98,982.0,
2025-02-28 08:47:12,sell,in,0.01,2852.6,77,-0.07,0.0,981.93,GoldBreakout B
2025-02-28 08:51:01,buy,out,0.01,2853.72,78,0.0,-1.12,980.81,
2025-02-28 13:50:26,sell,in,0.01,2852.6,79,-0.07,0.0,980.74,GoldBreakout B
2025-02-28 13:53:00,buy,out,0.01,2853.7,80,0.0,-1.1,979.64,
2025-03-13 14:36:34,buy,in,0.01,2956.26,82,-0.07,0.0,979.57,GoldBreakout A
2025-03-13 14:36:34,buy,in,0.01,2956.26,84,-0.07,0.0,979.5,GoldBreakout B
2025-03-13 14:36:34,buy,in,0.01,2956.26,86,-0.07,0.0,979.43,GoldBreakout C
2025-03-13 15:39:42,sell,out,0.01,2977.25,87,0.0,20.99,1000.42,tp 2977.25
2025-03-13 23:54:33,sell,out,0.01,2985.73,88,0.0,29.47,1029.89,sl 2985.76
2025-03-13 23:54:33,sell,out,0.01,2985.73,89,0.0,29.47,1059.36,sl 2985.76
2025-03-18 01:28:16,buy,in,0.01,3005.06,90,-0.07,0.0,1059.29,GoldBreakout A
2025-03-18 01:28:16,buy,in,0.01,3005.06,91,-0.07,0.0,1059.22,GoldBreakout B
2025-03-18 01:28:16,buy,in,0.01,3005.06,92,-0.07,0.0,1059.15,GoldBreakout C
2025-03-18 01:31:00,sell,out,0.01,3003.8,93,0.0,-1.26,1057.89,
2025-03-18 01:31:00,sell,out,0.01,3003.87,94,0.0,-1.19,1056.7,
2025-03-18 01:31:00,sell,out,0.01,3003.87,95,0.0,-1.19,1055.51,
2025-03-18 01:32:35,buy,in,0.01,3005.01,96,-0.07,0.0,1055.44,GoldBreakout A
2025-03-18 01:32:35,buy,in,0.01,3005.01,97,-0.07,0.0,1055.37,GoldBreakout B
2025-03-18 01:32:35,buy,in,0.01,3005.01,98,-0.07,0.0,1055.3,GoldBreakout C
2025-03-18 01:37:00,sell,out,0.01,3003.74,99,0.0,-1.27,1054.03,
2025-03-18 01:37:00,sell,out,0.01,3003.72,100,0.0,-1.29,1052.74,
2025-03-18 01:37:00,sell,out,0.01,3003.73,101,0.0,-1.28,1051.46,
2025-03-18 01:41:11,buy,in,0.01,3005.01,102,-0.07,0.0,1051.39,GoldBreakout A
2025-03-18 01:41:11,buy,in,0.01,3005.01,103,-0.07,0.0,1051.32,GoldBreakout B
2025-03-18 01:41:11,buy,in,0.01,3005.01,104,-0.07,0.0,1051.25,GoldBreakout C
2025-03-18 01:49:01,sell,out,0.01,3004.11,105,0.0,-0.9,1050.35,
2025-03-18 01:49:01,sell,out,0.01,3004.13,106,0.0,-0.88,1049.47,
2025-03-18 01:49:01,sell,out,0.01,3004.13,107,0.0,-0.88,1048.59,
2025-03-27 14:39:34,buy,in,0.01,3058.06,108,-0.07,0.0,1048.52,GoldBreakout A
2025-03-27 14:39:34,buy,in,0.01,3058.06,109,-0.07,0.0,1048.45,GoldBreakout B
2025-03-27 14:39:34,buy,in,0.01,3058.06,110,-0.07,0.0,1048.38,GoldBreakout C
2025-03-27 14:40:00,sell,out,0.01,3055.78,111,0.0,-2.28,1046.1,
2025-03-27 14:40:00,sell,out,0.01,3055.86,112,0.0,-2.2,1043.9,
2025-03-27 14:40:00,sell,out,0.01,3055.85,113,0.0,-2.21,1041.69,
2025-03-27 14:45:37,buy,in,0.01,3057.47,114,-0.07,0.0,1041.62,GoldBreakout A
2025-03-27 14:45:37,buy,in,0.01,3057.47,115,-0.07,0.0,1041.55,GoldBreakout B
2025-03-27 14:45:37,buy,in,0.01,3057.47,116,-0.07,0.0,1041.48,GoldBreakout C
2025-03-27 14:46:00,sell,out,0.01,3056.17,117,0.0,-1.3,1040.18,
2025-03-27 14:46:00,sell,out,0.01,3056.18,118,0.0,-1.29,1038.89,
2025-03-27 14:46:00,sell,out,0.01,3056.17,119,0.0,-1.3,1037.59,
2025-03-27 14:48:44,buy,in,0.01,3057.48,120,-0.07,0.0,1037.52,GoldBreakout A
2025-03-27 14:48:44,buy,in,0.01,3057.48,121,-0.07,0.0,1037.45,GoldBreakout B
2025-03-27 14:48:44,buy,in,0.01,3057.48,122,-0.07,0.0,1037.38,GoldBreakout C
2025-03-27 14:54:00,sell,out,0.01,3055.89,123,0.0,-1.59,1035.79,
2025-03-27 14:54:00,sell,out,0.01,3055.92,124,0.0,-1.56,1034.23,
2025-03-27 14:54:00,sell,out,0.01,3055.92,125,0.0,-1.56,1032.67,
2025-04-03 00:01:33,buy,in,0.01,3149.03,126,-0.07,0.0,1032.6,GoldBreakout A
2025-04-03 00:01:33,buy,in,0.01,3149.03,127,-0.07,0.0,1032.53,GoldBreakout B
2025-04-03 00:01:33,buy,in,0.01,3149.03,128,-0.07,0.0,1032.46,GoldBreakout C
2025-04-03 01:10:58,sell,out,0.01,3150.87,129,0.0,1.84,1034.3,sl 3150.92
2025-04-03 01:10:58,sell,out,0.01,3150.57,130,0.0,1.54,1035.84,sl 3150.60
2025-04-03 01:16:52,sell,out,0.01,3148.99,131,0.0,-0.04,1035.8,sl 3149.03
2025-04-07 00:32:21,sell,in,0.01,2982.13,135,-0.07,0.0,1035.59,GoldBreakout B
2025-04-07 00:34:00,buy,out,0.01,2984.52,137,0.0,-2.39,1033.13,
2025-04-07 00:34:07,sell,in,0.01,2981.32,138,-0.07,0.0,1033.06,GoldBreakout B
2025-04-07 00:36:00,buy,out,0.01,2984.91,139,0.0,-3.59,1029.47,
2025-04-07 00:36:46,sell,in,0.01,2982.36,140,-0.07,0.0,1029.4,GoldBreakout B
2025-04-07 00:41:00,buy,out,0.01,2983.83,141,0.0,-1.47,1027.93,
2025-04-10 16:26:32,buy,in,0.01,3167.9,132,-0.07,0.0,1035.73,GoldBreakout A
2025-04-10 16:26:32,buy,in,0.01,3167.9,134,-0.07,0.0,1035.66,GoldBreakout B
2025-04-10 16:26:32,buy,in,0.01,3167.9,136,-0.07,0.0,1035.52,GoldBreakout C
2025-04-10 16:33:00,sell,out,0.01,3165.83,143,0.0,-2.07,1025.86,
2025-04-10 16:33:00,sell,out,0.01,3165.83,144,0.0,-2.07,1023.79,
2025-04-10 16:33:00,sell,out,0.01,3165.84,145,0.0,-2.06,1021.73,
2025-04-10 16:35:56,buy,in,0.01,3167.93,146,-0.07,0.0,1021.66,GoldBreakout A
2025-04-10 16:35:56,buy,in,0.01,3167.93,147,-0.07,0.0,1021.59,GoldBreakout B
2025-04-10 16:35:56,buy,in,0.01,3167.93,148,-0.07,0.0,1021.52,GoldBreakout C
2025-04-10 16:48:00,sell,out,0.01,3165.31,149,0.0,-2.62,1018.9,
2025-04-10 16:48:00,sell,out,0.01,3165.31,150,0.0,-2.62,1016.28,
2025-04-10 16:48:00,sell,out,0.01,3165.17,151,0.0,-2.76,1013.52,
2025-04-10 16:51:42,buy,in,0.01,3168.02,152,-0.07,0.0,1013.45,GoldBreakout A
2025-04-10 16:51:42,buy,in,0.01,3168.02,153,-0.07,0.0,1013.38,GoldBreakout B
2025-04-10 16:51:42,buy,in,0.01,3168.02,154,-0.07,0.0,1013.31,GoldBreakout C
2025-04-10 16:53:00,sell,out,0.01,3166.39,155,0.0,-1.63,1011.68,
2025-04-10 16:53:00,sell,out,0.01,3166.39,156,0.0,-1.63,1010.05,
2025-04-10 16:53:00,sell,out,0.01,3166.39,157,0.0,-1.63,1008.42,
2025-05-14 12:37:56,sell,in,0.01,3201.94,164,-0.07,0.0,1008.28,GoldBreakout B
2025-05-14 12:39:00,buy,out,0.01,3204.84,166,0.0,-2.9,1005.38,
2025-05-14 12:39:20,sell,in,0.01,3201.92,167,-0.07,0.0,1005.31,GoldBreakout B
2025-05-14 12:41:00,buy,out,0.01,3205.69,168,0.0,-3.77,1001.54,
2025-05-14 12:43:23,sell,in,0.01,3201.97,169,-0.07,0.0,1001.47,GoldBreakout B
2025-05-14 16:53:27,buy,out,0.01,3186.75,170,0.0,15.22,1016.69,sl 3186.75
2025-06-02 13:43:58,buy,in,0.01,3366.07,163,-0.07,0.0,1008.35,GoldBreakout B
2025-06-03 01:15:27,sell,out,0.01,3365.66,172,0.0,-0.41,1016.28,sl 3366.07
2025-06-05 10:05:25,buy,in,0.01,3392.15,173,-0.07,0.0,1016.21,GoldBreakout B
2025-06-05 10:21:00,sell,out,0.01,3390.97,174,0.0,-1.18,1015.03,
2025-06-05 10:23:00,buy,in,0.01,3392.17,175,-0.07,0.0,1014.96,GoldBreakout B
2025-06-05 11:53:32,sell,out,0.01,3392.16,176,0.0,-0.01,1014.95,sl 3392.17
2025-06-13 00:06:58,buy,in,0.01,3403.55,179,-0.07,0.0,1014.81,GoldBreakout B
2025-06-13 00:14:12,sell,out,0.01,3403.49,182,0.0,-0.06,1014.68,sl 3403.55
2025-06-13 02:25:22,buy,in,0.01,3435.05,177,-0.07,0.0,1014.88,GoldBreakout A
2025-06-13 02:27:00,sell,out,0.01,3433.89,183,0.0,-1.16,1013.52,
2025-06-13 02:28:23,buy,in,0.01,3435.15,184,-0.07,0.0,1013.45,GoldBreakout A
2025-06-13 02:30:00,sell,out,0.01,3432.74,185,0.0,-2.41,1011.04,
2025-06-13 02:32:00,buy,in,0.01,3435.0,186,-0.07,0.0,1010.97,GoldBreakout A
2025-06-13 03:07:45,sell,out,0.01,3436.7,187,0.0,1.7,1012.67,sl 3436.72
2025-06-27 03:57:05,sell,in,0.01,3293.7,180,-0.07,0.0,1014.74,GoldBreakout B
2025-06-27 04:19:00,buy,out,0.01,3294.83,190,0.0,-1.13,1011.54,
2025-07-16 16:30:26,buy,in,0.01,3375.02,194,-0.07,0.0,1011.47,GoldBreakout B
2025-07-16 16:31:00,sell,out,0.01,3372.57,197,0.0,-2.45,1008.95,
2025-07-21 13:18:43,buy,in,0.01,3377.53,199,-0.07,0.0,1008.88,GoldBreakout B
2025-07-22 17:53:58,sell,out,0.01,3432.67,200,0.0,55.14,1064.02,tp 3432.65
2025-07-30 19:52:45,sell,in,0.01,3282.71,195,-0.07,0.0,1011.4,GoldBreakout B
2025-07-30 19:55:00,buy,out,0.01,3283.71,203,0.0,-1.0,1063.02,
2025-08-28 14:51:12,buy,in,0.01,3408.81,207,-0.07,0.0,1062.95,GoldBreakout B
2025-08-28 15:00:00,sell,out,0.01,3407.41,210,0.0,-1.4,1061.48,
2025-08-29 15:32:33,buy,in,0.01,3439.0,209,-0.07,0.0,1062.88,GoldBreakout C
2025-08-29 15:35:00,sell,out,0.01,3437.49,211,0.0,-1.51,1059.97,
2025-08-29 15:35:28,buy,in,0.01,3439.0,212,-0.07,0.0,1059.9,GoldBreakout C
2025-08-29 15:42:00,sell,out,0.01,3437.5,213,0.0,-1.5,1058.4,
2025-08-29 15:43:03,buy,in,0.01,3439.08,214,-0.07,0.0,1058.33,GoldBreakout C
2025-08-29 15:45:00,sell,out,0.01,3436.29,215,0.0,-2.79,1055.54,
2025-09-05 13:32:35,buy,in,0.01,3578.54,216,-0.07,0.0,1055.47,GoldBreakout A
2025-09-05 13:32:35,buy,in,0.01,3578.54,217,-0.07,0.0,1055.4,GoldBreakout B
2025-09-05 13:32:35,buy,in,0.01,3578.54,218,-0.07,0.0,1055.33,GoldBreakout C
2025-09-05 13:36:00,sell,out,0.01,3575.03,219,0.0,-3.51,1051.82,
2025-09-05 13:36:00,sell,out,0.01,3575.14,220,0.0,-3.4,1048.42,
2025-09-05 13:36:00,sell,out,0.01,3575.22,221,0.0,-3.32,1045.1,
2025-09-05 13:37:43,buy,in,0.01,3578.57,222,-0.07,0.0,1045.03,GoldBreakout A
2025-09-05 13:37:43,buy,in,0.01,3578.57,223,-0.07,0.0,1044.96,GoldBreakout B
2025-09-05 13:37:43,buy,in,0.01,3578.57,224,-0.07,0.0,1044.89,GoldBreakout C
2025-09-05 13:47:00,sell,out,0.01,3577.0,225,0.0,-1.57,1043.32,
2025-09-05 13:47:00,sell,out,0.01,3576.96,226,0.0,-1.61,1041.71,
2025-09-05 13:47:00,sell,out,0.01,3576.92,227,0.0,-1.65,1040.06,
2025-09-05 13:49:05,buy,in,0.01,3578.53,228,-0.07,0.0,1039.99,GoldBreakout A
2025-09-05 13:49:05,buy,in,0.01,3578.53,229,-0.07,0.0,1039.92,GoldBreakout B
2025-09-05 13:49:05,buy,in,0.01,3578.53,230,-0.07,0.0,1039.85,GoldBreakout C
2025-09-05 13:50:00,sell,out,0.01,3579.92,231,0.0,1.39,1041.24,
2025-09-05 13:50:00,sell,out,0.01,3579.89,232,0.0,1.36,1042.6,
2025-09-05 13:50:00,sell,out,0.01,3579.9,233,0.0,1.37,1043.97,
2025-09-15 16:50:04,buy,in,0.01,3674.65,236,-0.07,0.0,1043.9,GoldBreakout A
2025-09-15 16:50:04,buy,in,0.01,3674.65,237,-0.07,0.0,1043.83,GoldBreakout B
2025-09-15 16:50:04,buy,in,0.01,3674.65,238,-0.07,0.0,1043.76,GoldBreakout C
2025-09-15 17:40:11,sell,out,0.01,3676.81,239,0.0,2.16,1045.92,sl 3676.85
2025-09-15 17:46:00,sell,out,0.01,3676.45,240,0.0,1.8,1047.72,sl 3676.49
2025-09-17 03:38:24,sell,out,0.01,3674.65,241,0.0,0.0,1047.72,sl 3674.65
2025-09-22 07:34:10,buy,in,0.01,3707.63,242,-0.07,0.0,1047.65,GoldBreakout A
2025-09-22 07:34:10,buy,in,0.01,3707.63,243,-0.07,0.0,1047.58,GoldBreakout B
2025-09-22 07:34:10,buy,in,0.01,3707.63,244,-0.07,0.0,1047.51,GoldBreakout C
2025-09-22 08:13:18,sell,out,0.01,3709.84,245,0.0,2.21,1049.72,sl 3709.85
2025-09-22 08:21:40,sell,out,0.01,3709.46,246,0.0,1.83,1051.55,sl 3709.48
2025-09-22 20:27:51,sell,out,0.01,3744.72,247,0.0,37.09,1088.64,sl 3744.75
2025-09-29 03:19:48,buy,in,0.01,3791.2,248,-0.07,0.0,1088.57,GoldBreakout A
2025-09-29 03:19:48,buy,in,0.01,3791.2,249,-0.07,0.0,1088.5,GoldBreakout B
2025-09-29 03:19:48,buy,in,0.01,3791.2,250,-0.07,0.0,1088.43,GoldBreakout C
2025-09-29 03:48:00,sell,out,0.01,3789.57,251,0.0,-1.63,1086.8,
2025-09-29 03:48:00,sell,out,0.01,3789.57,252,0.0,-1.63,1085.17,
2025-09-29 03:48:00,sell,out,0.01,3789.63,253,0.0,-1.57,1083.6,
2025-09-29 03:49:19,buy,in,0.01,3791.2,254,-0.07,0.0,1083.53,GoldBreakout A
2025-09-29 03:49:19,buy,in,0.01,3791.2,255,-0.07,0.0,1083.46,GoldBreakout B
2025-09-29 03:49:19,buy,in,0.01,3791.2,256,-0.07,0.0,1083.39,GoldBreakout C
2025-09-29 03:50:00,sell,out,0.01,3789.65,257,0.0,-1.55,1081.84,
2025-09-29 03:50:00,sell,out,0.01,3789.65,258,0.0,-1.55,1080.29,
2025-09-29 03:50:00,sell,out,0.01,3789.68,259,0.0,-1.52,1078.77,
2025-09-29 03:50:17,buy,in,0.01,3791.15,260,-0.07,0.0,1078.7,GoldBreakout A
2025-09-29 03:50:17,buy,in,0.01,3791.15,261,-0.07,0.0,1078.63,GoldBreakout B
2025-09-29 03:50:17,buy,in,0.01,3791.15,262,-0.07,0.0,1078.56,GoldBreakout C
2025-09-29 03:51:00,sell,out,0.01,3789.26,263,0.0,-1.89,1076.67,
2025-09-29 03:51:00,sell,out,0.01,3789.26,264,0.0,-1.89,1074.78,
2025-09-29 03:51:00,sell,out,0.01,3789.26,265,0.0,-1.89,1072.89,
2025-10-05 23:59:53,buy,in,0.01,3896.93,266,-0.07,0.0,1072.82,GoldBreakout A
2025-10-05 23:59:53,buy,in,0.01,3896.93,268,-0.07,0.0,1072.75,GoldBreakout B
2025-10-05 23:59:53,buy,in,0.01,3896.93,270,-0.07,0.0,1072.61,GoldBreakout C
2025-10-06 01:24:51,sell,out,0.01,3899.26,271,0.0,2.33,1074.94,sl 3899.27
2025-10-06 06:42:31,sell,out,0.01,3928.81,272,0.0,31.88,1106.82,sl 3928.82
2025-10-06 06:42:31,sell,out,0.01,3928.81,273,0.0,31.88,1138.7,sl 3928.82
2025-10-13 00:09:01,buy,in,0.01,4059.36,274,-0.07,0.0,1138.63,GoldBreakout A
2025-10-13 00:09:01,buy,in,0.01,4059.36,275,-0.07,0.0,1138.56,GoldBreakout B
2025-10-13 00:09:01,buy,in,0.01,4059.36,276,-0.07,0.0,1138.49,GoldBreakout C
2025-10-13 00:11:00,sell,out,0.01,4054.92,277,0.0,-4.44,1134.05,
2025-10-13 00:11:00,sell,out,0.01,4054.88,278,0.0,-4.48,1129.57,
2025-10-13 00:11:00,sell,out,0.01,4054.88,279,0.0,-4.48,1125.09,
2025-10-13 01:45:24,buy,in,0.01,4059.3,280,-0.07,0.0,1125.02,GoldBreakout A
2025-10-13 01:45:24,buy,in,0.01,4059.3,281,-0.07,0.0,1124.95,GoldBreakout B
2025-10-13 01:45:24,buy,in,0.01,4059.3,282,-0.07,0.0,1124.88,GoldBreakout C
2025-10-13 01:46:00,sell,out,0.01,4054.81,283,0.0,-4.49,1120.39,
2025-10-13 01:46:00,sell,out,0.01,4054.81,284,0.0,-4.49,1115.9,
2025-10-13 01:46:00,sell,out,0.01,4054.81,285,0.0,-4.49,1111.41,
2025-10-20 20:57:24,buy,in,0.01,4379.65,286,-0.07,0.0,1111.34,GoldBreakout A
2025-10-20 20:57:24,buy,in,0.01,4379.65,287,-0.07,0.0,1111.27,GoldBreakout B
2025-10-20 20:57:24,buy,in,0.01,4379.65,288,-0.07,0.0,1111.2,GoldBreakout C
2025-10-20 21:00:00,sell,out,0.01,4378.17,289,0.0,-1.48,1109.72,
2025-10-20 21:00:00,sell,out,0.01,4378.26,290,0.0,-1.39,1108.33,
2025-10-20 21:00:00,sell,out,0.01,4378.26,291,0.0,-1.39,1106.94,
2025-10-28 06:54:18,sell,in,0.01,3940.86,269,-0.07,0.0,1072.68,GoldBreakout B
2025-10-28 06:55:00,buy,out,0.01,3942.96,295,0.0,-2.1,1104.84,
2025-11-12 15:13:51,buy,in,0.01,4161.39,299,-0.07,0.0,1104.7,GoldBreakout B
2025-11-12 15:21:38,sell,out,0.01,4161.37,302,0.0,-0.02,1104.68,sl 4161.39
2025-12-01 01:54:58,buy,in,0.01,4245.23,297,-0.07,0.0,1104.77,GoldBreakout A
2025-12-01 01:54:58,buy,in,0.01,4245.23,303,-0.07,0.0,1104.61,GoldBreakout B
2025-12-01 02:11:01,sell,out,0.01,4247.29,304,0.0,2.06,1106.67,sl 4247.35
2025-12-01 02:20:16,sell,out,0.01,4244.74,305,0.0,-0.49,1106.18,sl 4245.23
2025-12-11 16:47:28,buy,in,0.01,4264.63,308,-0.07,0.0,1106.11,GoldBreakout A
2025-12-11 16:47:28,buy,in,0.01,4264.63,310,-0.07,0.0,1106.04,GoldBreakout B
2025-12-11 19:00:03,sell,out,0.01,4266.63,313,0.0,2.0,1107.97,sl 4266.76
2025-12-11 19:01:02,sell,out,0.01,4264.47,314,0.0,-0.16,1107.81,sl 4264.63
2025-12-18 16:11:23,buy,in,0.01,4353.93,312,-0.07,0.0,1105.97,GoldBreakout C
2025-12-18 16:11:23,buy,in,0.01,4353.93,315,-0.07,0.0,1107.74,GoldBreakout A
2025-12-18 16:11:23,buy,in,0.01,4353.93,316,-0.07,0.0,1107.67,GoldBreakout B
2025-12-18 16:55:25,sell,out,0.01,4356.54,317,0.0,2.61,1110.28,sl 4356.54
2025-12-18 17:05:31,sell,out,0.01,4356.04,318,0.0,2.11,1112.39,sl 4356.11
2025-12-18 17:05:44,sell,out,0.01,4353.84,319,0.0,-0.09,1112.3,sl 4353.93
2025-12-22 01:38:46,buy,in,0.01,4374.69,320,-0.07,0.0,1112.23,GoldBreakout A
2025-12-22 01:38:46,buy,in,0.01,4374.69,321,-0.07,0.0,1112.16,GoldBreakout B
2025-12-22 01:38:46,buy,in,0.01,4374.69,322,-0.07,0.0,1112.09,GoldBreakout C
2025-12-22 05:30:18,sell,out,0.01,4406.01,323,0.0,31.32,1143.41,tp 4405.98
2025-12-22 08:27:24,sell,out,0.01,4409.76,324,0.0,35.07,1178.48,sl 4410.13
2025-12-22 15:13:16,sell,out,0.01,4414.8,325,0.0,40.11,1218.59,sl 4414.83
2026-01-12 00:07:25,buy,in,0.01,4550.16,329,-0.07,0.0,1218.52,GoldBreakout A
2026-01-12 00:07:25,buy,in,0.01,4550.16,331,-0.07,0.0,1218.45,GoldBreakout B
2026-01-12 00:07:25,buy,in,0.01,4550.16,333,-0.07,0.0,1218.31,GoldBreakout C
2026-01-12 00:08:00,sell,out,0.01,4548.59,334,0.0,-1.57,1216.74,
2026-01-12 00:08:00,sell,out,0.01,4548.59,335,0.0,-1.57,1215.17,
2026-01-12 00:08:00,sell,out,0.01,4548.59,336,0.0,-1.57,1213.6,
2026-01-12 00:09:11,buy,in,0.01,4550.03,337,-0.07,0.0,1213.53,GoldBreakout A
2026-01-12 00:09:11,buy,in,0.01,4550.03,338,-0.07,0.0,1213.46,GoldBreakout B
2026-01-12 00:09:11,buy,in,0.01,4550.03,339,-0.07,0.0,1213.39,GoldBreakout C
2026-01-12 00:37:57,sell,out,0.01,4582.8,340,0.0,32.77,1246.16,tp 4582.76
2026-01-12 11:25:49,sell,out,0.01,4586.11,341,0.0,36.08,1282.24,sl 4586.12
2026-01-12 11:56:24,sell,out,0.01,4581.84,342,0.0,31.81,1314.05,sl 4581.90
2026-01-18 23:05:00,buy,in,0.01,4648.91,343,-0.07,0.0,1313.98,GoldBreakout A
2026-01-18 23:05:00,buy,in,0.01,4648.91,344,-0.07,0.0,1313.91,GoldBreakout B
2026-01-18 23:05:00,buy,in,0.01,4648.91,345,-0.07,0.0,1313.84,GoldBreakout C
2026-01-18 23:25:13,sell,out,0.01,4676.55,346,0.0,27.64,1341.48,tp 4676.11
2026-01-20 07:24:45,sell,out,0.01,4718.99,347,0.0,70.08,1411.56,tp 4718.99
2026-01-20 09:49:45,sell,out,0.01,4737.45,348,0.0,88.54,1500.1,tp 4737.43
2026-02-02 05:49:22,sell,in,0.01,4536.75,332,-0.07,0.0,1218.38,GoldBreakout B
2026-02-02 05:49:44,buy,out,0.01,4537.32,352,0.0,-0.57,1499.53,sl 4536.75
2026-02-22 23:05:03,buy,in,0.01,5119.6,356,-0.07,0.0,1499.46,GoldBreakout B
2026-02-23 03:12:29,sell,out,0.01,5155.94,359,0.0,36.34,1535.8,sl 5156.32
2026-02-27 16:11:15,buy,in,0.01,5250.79,360,-0.07,0.0,1535.73,GoldBreakout B
2026-02-27 16:13:00,sell,out,0.01,5248.25,361,0.0,-2.54,1533.19,
2026-02-27 16:13:27,buy,in,0.01,5250.86,362,-0.07,0.0,1533.12,GoldBreakout B
2026-02-27 16:21:00,sell,out,0.01,5245.32,363,0.0,-5.54,1527.58,
2026-02-27 19:04:17,buy,in,0.01,5250.75,364,-0.07,0.0,1527.51,GoldBreakout B
2026-02-27 19:10:00,sell,out,0.01,5248.52,365,0.0,-2.23,1525.28,
2026-03-15 23:20:24,sell,in,0.01,4985.53,370,-0.07,0.0,1525.07,GoldBreakout B
2026-03-15 23:22:00,buy,out,0.01,4988.42,372,0.0,-2.89,1522.18,
2026-03-18 10:35:38,sell,in,0.01,4964.7,373,-0.07,0.0,1522.11,GoldBreakout B
2026-03-18 10:36:00,buy,out,0.01,4967.07,374,0.0,-2.37,1519.74,
2026-03-18 13:18:02,sell,in,0.01,4839.56,368,-0.07,0.0,1525.21,GoldBreakout A
2026-03-18 13:19:00,buy,out,0.01,4843.95,375,0.0,-4.39,1515.35,
2026-03-18 19:51:32,sell,in,0.01,4839.51,376,-0.07,0.0,1515.28,GoldBreakout A
2026-03-18 19:52:00,buy,out,0.01,4843.98,377,0.0,-4.47,1510.81,
2026-04-15 02:16:13,buy,in,0.01,4857.64,369,-0.07,0.0,1525.14,GoldBreakout B
2026-04-15 02:20:49,sell,out,0.01,4857.36,380,0.0,-0.28,1510.46,sl 4857.64
2026-04-17 14:10:53,buy,in,0.01,4873.05,381,-0.07,0.0,1510.39,GoldBreakout B
2026-04-17 14:16:39,sell,out,0.01,4872.98,382,0.0,-0.07,1510.32,sl 4873.05
2026-04-28 10:56:35,sell,in,0.01,4607.28,379,-0.07,0.0,1510.74,GoldBreakout B
2026-04-28 10:57:00,buy,out,0.01,4609.17,384,0.0,-1.89,1508.43,
2026-04-28 10:57:27,sell,in,0.01,4607.44,385,-0.07,0.0,1508.36,GoldBreakout B
2026-04-28 11:01:00,buy,out,0.01,4609.93,386,0.0,-2.49,1505.87,
2026-05-04 17:08:00,sell,in,0.01,4509.49,391,-0.07,0.0,1505.73,GoldBreakout B
2026-05-04 17:09:00,buy,out,0.01,4510.93,393,0.0,-1.44,1504.29,
2026-05-04 17:09:01,sell,in,0.01,4510.06,394,-0.07,0.0,1504.22,GoldBreakout B
2026-05-04 17:10:00,buy,out,0.01,4511.25,395,0.0,-1.19,1503.03,
2026-05-04 17:10:00,sell,in,0.01,4509.93,396,-0.07,0.0,1502.96,GoldBreakout B
2026-05-04 17:12:00,buy,out,0.01,4512.48,397,0.0,-2.55,1500.41,
2026-05-18 01:33:59,sell,in,0.01,4500.79,389,-0.07,0.0,1505.8,GoldBreakout A
2026-05-18 01:33:59,sell,in,0.01,4500.79,398,-0.07,0.0,1500.34,GoldBreakout B
2026-05-18 01:35:05,buy,out,0.01,4498.66,400,0.0,2.13,1502.47,sl 4498.54
2026-05-18 01:36:11,buy,out,0.01,4500.87,401,0.0,-0.08,1502.39,sl 4500.79
2026-05-27 11:46:26,sell,in,0.01,4451.35,402,-0.07,0.0,1502.32,GoldBreakout A
2026-05-27 11:46:26,sell,in,0.01,4451.35,403,-0.07,0.0,1502.25,GoldBreakout B
2026-05-27 11:47:00,buy,out,0.01,4456.71,404,0.0,-5.36,1496.89,
2026-05-27 11:47:00,buy,out,0.01,4456.71,405,0.0,-5.36,1491.53,
2026-05-27 11:47:02,sell,in,0.01,4453.31,406,-0.07,0.0,1491.46,GoldBreakout A
2026-05-27 11:47:02,sell,in,0.01,4453.31,407,-0.07,0.0,1491.39,GoldBreakout B
2026-05-27 13:19:13,buy,out,0.01,4451.19,408,0.0,2.12,1493.51,sl 4451.08
2026-05-27 13:19:17,buy,out,0.01,4453.46,409,0.0,-0.15,1493.36,sl 4453.31
2026-06-24 13:25:03,sell,in,0.01,4021.47,415,-0.07,0.0,1493.29,GoldBreakout A
2026-06-24 13:25:03,sell,in,0.01,4021.47,416,-0.07,0.0,1493.22,GoldBreakout B
2026-06-24 13:28:39,buy,out,0.01,4019.94,417,0.0,1.53,1494.75,sl 4019.46
2026-06-24 14:50:06,buy,out,0.01,4021.48,418,0.0,-0.01,1494.74,sl 4021.47
2026-06-30 02:07:11,sell,in,0.01,3959.07,419,-0.07,0.0,1494.67,GoldBreakout A
2026-06-30 02:07:11,sell,in,0.01,3959.07,420,-0.07,0.0,1494.6,GoldBreakout B
2026-06-30 02:08:30,buy,out,0.01,3957.96,421,0.0,1.11,1495.71,sl 3957.09
2026-06-30 02:08:39,buy,out,0.01,3959.18,422,0.0,-0.11,1495.6,sl 3959.07
2026-08-05 06:46:54,buy,in,0.01,4166.21,427,-0.07,0.0,1495.46,GoldBreakout B
2026-08-05 06:48:00,sell,out,0.01,4164.85,430,0.0,-1.36,1494.1,
2026-08-05 06:48:57,buy,in,0.01,4166.16,431,-0.07,0.0,1494.03,GoldBreakout B
2026-08-05 06:59:00,sell,out,0.01,4163.19,432,0.0,-2.97,1491.06,
2026-08-05 07:00:10,buy,in,0.01,4166.26,433,-0.07,0.0,1490.99,GoldBreakout B
2026-08-05 07:01:00,sell,out,0.01,4162.95,434,0.0,-3.31,1487.68,
2026-08-05 13:16:47,buy,in,0.01,4203.1,425,-0.07,0.0,1495.53,GoldBreakout A
2026-08-05 13:32:00,sell,out,0.01,4200.08,435,0.0,-3.02,1484.66,
2026-08-05 13:36:39,buy,in,0.01,4203.06,436,-0.07,0.0,1484.59,GoldBreakout A
2026-08-05 13:38:00,sell,out,0.01,4201.32,437,0.0,-1.74,1482.85,
2026-08-05 14:34:36,buy,in,0.01,4203.06,438,-0.07,0.0,1482.78,GoldBreakout A
2026-08-05 14:36:00,sell,out,0.01,4199.18,439,0.0,-3.88,1478.9,
2026-08-10 19:40:34,buy,in,0.01,4382.33,442,-0.07,0.0,1478.76,GoldBreakout C
2026-08-10 19:45:00,sell,out,0.01,4379.82,443,0.0,-2.51,1476.25,
2026-08-10 20:05:48,buy,in,0.01,4382.38,444,-0.07,0.0,1476.18,GoldBreakout C
2026-08-10 20:35:42,sell,out,0.01,4384.96,445,0.0,2.58,1478.76,sl 4385.01
2026-08-19 14:12:33,buy,in,0.01,4452.74,446,-0.07,0.0,1478.69,GoldBreakout A
2026-08-19 14:12:33,buy,in,0.01,4452.74,447,-0.07,0.0,1478.62,GoldBreakout B
2026-08-19 14:12:33,buy,in,0.01,4452.74,448,-0.07,0.0,1478.55,GoldBreakout C
2026-08-19 14:22:34,sell,out,0.01,4455.39,449,0.0,2.65,1481.2,sl 4455.41
2026-08-19 14:35:43,sell,out,0.01,4454.49,450,0.0,1.75,1482.95,sl 4454.97
2026-08-19 14:35:48,sell,out,0.01,4452.74,451,0.0,0.0,1482.95,sl 4452.74
2026-09-02 02:02:07,sell,in,0.01,4307.47,441,-0.07,0.0,1478.83,GoldBreakout B
2026-09-02 02:03:00,buy,out,0.01,4313.2,455,0.0,-5.73,1477.22,
2026-09-02 02:03:03,sell,in,0.01,4310.97,456,-0.07,0.0,1477.15,GoldBreakout B
2026-09-02 02:04:00,buy,out,0.01,4317.32,457,0.0,-6.35,1470.8,
2026-09-02 02:05:01,sell,in,0.01,4310.6,458,-0.07,0.0,1470.73,GoldBreakout B
2026-09-02 02:11:00,buy,out,0.01,4315.65,459,0.0,-5.05,1465.68,
2026-09-14 10:26:02,sell,in,0.01,4282.61,464,-0.07,0.0,1465.54,GoldBreakout B
2026-09-14 10:29:00,buy,out,0.01,4284.73,466,0.0,-2.12,1463.42,
2026-09-14 10:39:09,sell,in,0.01,4282.55,467,-0.07,0.0,1463.35,GoldBreakout B
2026-09-14 10:42:00,buy,out,0.01,4284.16,468,0.0,-1.61,1461.74,
2026-09-14 10:44:22,sell,in,0.01,4282.35,469,-0.07,0.0,1461.67,GoldBreakout B
2026-09-14 10:54:00,buy,out,0.01,4284.81,470,0.0,-2.46,1459.21,
2026-09-14 14:08:13,sell,in,0.01,4259.6,462,-0.07,0.0,1465.61,GoldBreakout A
2026-09-14 14:11:00,buy,out,0.01,4262.09,471,0.0,-2.49,1456.72,
2026-09-16 20:07:12,sell,in,0.01,4253.61,472,-0.07,0.0,1456.65,GoldBreakout A
2026-09-16 20:07:12,sell,in,0.01,4253.61,473,-0.07,0.0,1456.58,GoldBreakout B
2026-09-16 20:08:00,buy,out,0.01,4258.71,474,0.0,-5.1,1451.48,
2026-09-16 20:08:00,buy,out,0.01,4258.71,475,0.0,-5.1,1446.38,
2026-09-16 20:09:29,sell,in,0.01,4253.35,476,-0.07,0.0,1446.31,GoldBreakout A
2026-09-16 20:09:29,sell,in,0.01,4253.35,477,-0.07,0.0,1446.24,GoldBreakout B
2026-09-16 20:14:55,buy,out,0.01,4251.3,478,0.0,2.05,1448.29,sl 4251.22
2026-09-16 20:15:01,buy,out,0.01,4253.44,479,0.0,-0.09,1448.2,sl 4253.35
