open,order,sym,type,vol,price,sl,tp,time,state,comment,strat,sl_pct,tp_pct
2025.01.01 23:05:00,6,XAUUSD,buy stop,0.01 / 0,2726.2,2646.45,2745.34,2025.01.03 13:50:00,canceled,GoldBreakout C,C,2.925317291467978,0.7020761499523266
2025.01.01 23:05:00,5,XAUUSD,sell stop,0.01 / 0,2583.94,2593.13,2540.62,2025.01.03 13:50:00,canceled,GoldBreakout B,B,0.3556584131210498,1.676509516474847
2025.01.01 23:05:00,4,XAUUSD,buy stop,0.01 / 0,2726.2,2717.01,2769.52,2025.01.03 13:50:00,canceled,GoldBreakout B,B,0.33709925904187515,1.5890250165064987
2025.01.01 23:05:00,3,XAUUSD,sell stop,0.01 / 0,2583.94,2597.07,2530.12,2025.01.03 13:50:00,canceled,GoldBreakout A,A,0.5081387338715337,2.0828657012159786
2025.01.01 23:05:00,2,XAUUSD,buy stop,0.01 / 0,2726.2,2713.07,2780.02,2025.01.03 13:50:00,canceled,GoldBreakout A,A,0.4816227716234926,1.9741765094270476
2025.01.03 16:30:01,9,XAUUSD,buy stop,0.01 / 0.01,2665.42,2656.15,2709.14,2025.01.08 14:32:05,filled,GoldBreakout B,B,0.34778759069865095,1.6402668247405587
2025.01.08 14:34:00,13,XAUUSD,buy stop,0.01 / 0.01,2665.42,2656.1,2709.38,2025.01.08 14:34:55,filled,GoldBreakout B,B,0.3496634676711424,1.6492710342084937
2025.01.08 14:46:00,15,XAUUSD,buy stop,0.01 / 0.01,2665.42,2656.1,2709.36,2025.01.08 14:50:02,filled,GoldBreakout B,B,0.3496634676711424,1.6485206834195008
2025.01.14 00:00:00,17,XAUUSD,buy stop,0.01 / 0.01,2697.93,2688.59,2741.95,2025.01.16 00:18:15,filled,GoldBreakout B,B,0.3461913392860338,1.631621280018384
2025.01.16 00:25:01,19,XAUUSD,buy stop,0.01 / 0.01,2697.93,2688.49,2742.41,2025.01.16 01:01:58,filled,GoldBreakout B,B,0.3498978846745488,1.6486713888054925
2025.01.19 23:05:00,21,XAUUSD,buy stop,0.01 / 0.01,2724.8,2715.34,2769.39,2025.01.21 02:39:24,filled,GoldBreakout B,B,0.3471814445096901,1.6364503816793778
2025.01.21 02:50:00,23,XAUUSD,buy stop,0.01 / 0.01,2724.8,2715.27,2769.74,2025.01.21 02:59:57,filled,GoldBreakout B,B,0.3497504403993027,1.6492953611274075
2025.01.03 16:30:01,7,XAUUSD,buy stop,0.01 / 0.01,2726.2,2712.99,2780.35,2025.01.21 03:00:14,filled,GoldBreakout A,A,0.4845572591886156,1.9862812706331192
2025.01.03 16:30:01,11,XAUUSD,buy stop,0.01 / 0.01,2726.2,2646.96,2745.22,2025.01.21 03:00:14,filled,GoldBreakout C,C,2.9066099332404,0.6976744186046505
2025.01.21 03:01:00,26,XAUUSD,buy stop,0.01 / 0.01,2726.2,2712.57,2782.07,2025.01.21 03:24:00,filled,GoldBreakout A,A,0.4999633189054235,2.0493727532829706
2025.01.21 03:01:00,27,XAUUSD,buy stop,0.01 / 0.01,2726.2,2644.44,2745.82,2025.01.21 03:24:00,filled,GoldBreakout C,C,2.999046291541331,0.7196830753429809
2025.01.21 03:29:00,31,XAUUSD,buy stop,0.01 / 0.01,2726.2,2712.58,2782.06,2025.01.21 04:17:11,filled,GoldBreakout A,A,0.49959650795979355,2.049005942337324
2025.01.21 03:29:00,32,XAUUSD,buy stop,0.01 / 0.01,2726.2,2644.46,2745.82,2025.01.21 04:17:11,filled,GoldBreakout C,C,2.998312669650055,0.7196830753429809
2025.01.24 00:00:00,35,XAUUSD,buy stop,0.01 / 0.01,2763.47,2749.7,2819.94,2025.01.24 02:00:24,filled,GoldBreakout A,A,0.49828657448787156,2.0434453784553575
2025.01.24 00:00:00,36,XAUUSD,buy stop,0.01 / 0.01,2763.47,2753.83,2808.92,2025.01.24 02:00:24,filled,GoldBreakout B,B,0.3488367885303576,1.6446713733096534
2025.01.24 00:00:00,37,XAUUSD,buy stop,0.01 / 0.01,2763.47,2680.83,2783.3,2025.01.24 02:00:24,filled,GoldBreakout C,C,2.9904431747042626,0.7175760909291719
2025.01.28 00:00:00,41,XAUUSD,buy stop,0.01 / 0.01,2785.98,2772.27,2842.19,2025.01.30 13:58:14,filled,GoldBreakout A,A,0.4921069067258213,2.0176024235637025
2025.01.28 00:00:00,42,XAUUSD,buy stop,0.01 / 0.01,2785.98,2776.38,2831.22,2025.01.30 13:58:14,filled,GoldBreakout B,B,0.3445825167445534,1.6238451101587157
2025.01.28 00:00:00,43,XAUUSD,buy stop,0.01 / 0.01,2785.98,2703.73,2805.72,2025.01.30 13:58:14,filled,GoldBreakout C,C,2.952282500233311,0.7085478000559868
2025.02.07 00:00:00,49,XAUUSD,buy stop,0.01 / 0,2882.31,2796.56,2902.89,2025.02.07 13:50:00,canceled,GoldBreakout C,C,2.97504432208888,0.7140106373013287
2025.02.07 00:00:00,48,XAUUSD,buy stop,0.01 / 0,2882.31,2872.31,2929.47,2025.02.07 13:50:00,canceled,GoldBreakout B,B,0.3469439442669248,1.6361876411628122
2025.02.07 00:00:00,47,XAUUSD,buy stop,0.01 / 0,2882.31,2868.02,2940.9,2025.02.07 13:50:00,canceled,GoldBreakout A,A,0.4957828963574343,2.032744569459917
2025.01.03 16:30:01,10,XAUUSD,sell stop,0.01 / 0,2689.45,2699.49,2642.1,2025.02.07 13:50:00,canceled,GoldBreakout B,B,0.37331052817490434,1.7605830188328435
2025.01.03 16:30:01,8,XAUUSD,sell stop,0.01 / 0,2616.47,2630.76,2557.88,2025.02.07 13:50:00,canceled,GoldBreakout A,A,0.5461556983263871,2.2392765825711627
2025.02.13 00:00:00,52,XAUUSD,buy stop,0.01 / 0.01,2942.86,2928.33,3002.43,2025.02.19 09:15:49,filled,GoldBreakout A,A,0.4937373847209925,2.024221335707431
2025.02.13 00:00:00,53,XAUUSD,buy stop,0.01 / 0.01,2942.86,2932.69,2990.81,2025.02.19 09:15:49,filled,GoldBreakout B,B,0.345582188755159,1.6293673501287802
2025.02.13 00:00:00,54,XAUUSD,buy stop,0.01 / 0.01,2942.86,2855.68,2963.78,2025.02.19 09:15:49,filled,GoldBreakout C,C,2.9624243083259243,0.7108730962397148
2025.02.23 23:05:00,58,XAUUSD,buy stop,0.01 / 0.01,2954.89,2940.19,3015.16,2025.02.24 14:00:28,filled,GoldBreakout A,A,0.4974804476647124,2.0396698354253453
2025.02.23 23:05:00,59,XAUUSD,buy stop,0.01 / 0.01,2954.89,2944.6,3003.4,2025.02.24 14:00:28,filled,GoldBreakout B,B,0.3482363133653017,1.6416854772935783
2025.02.23 23:05:00,60,XAUUSD,buy stop,0.01 / 0.01,2954.89,2866.7,2976.06,2025.02.24 14:00:28,filled,GoldBreakout C,C,2.9845442639150717,0.7164395290518454
2025.02.24 14:09:00,64,XAUUSD,buy stop,0.01 / 0.01,2954.89,2940.12,3015.45,2025.02.24 14:10:05,filled,GoldBreakout A,A,0.49984940217740703,2.049484075549342
2025.02.24 14:09:00,65,XAUUSD,buy stop,0.01 / 0.01,2954.89,2944.55,3003.63,2025.02.24 14:10:05,filled,GoldBreakout B,B,0.349928423731499,1.6494691849781289
2025.02.24 14:09:00,66,XAUUSD,buy stop,0.01 / 0.01,2954.89,2866.27,2976.16,2025.02.24 14:10:05,filled,GoldBreakout C,C,2.999096413064442,0.7198237497842553
2025.02.24 14:14:00,70,XAUUSD,buy stop,0.01 / 0,2954.89,2940.13,3015.41,2025.02.25 00:00:00,canceled,GoldBreakout A,A,0.4995109801041583,2.0481303872563776
2025.02.24 14:14:00,71,XAUUSD,buy stop,0.01 / 0,2954.89,2944.56,3003.6,2025.02.25 00:00:00,canceled,GoldBreakout B,B,0.3495900016582657,1.6484539187583982
2025.02.24 14:14:00,72,XAUUSD,buy stop,0.01 / 0,2954.89,2866.32,2976.15,2025.02.25 00:00:00,canceled,GoldBreakout C,C,2.9974043026982296,0.719485327711022
2025.02.07 16:30:01,51,XAUUSD,sell stop,0.01 / 0.01,2852.6,2862.67,2805.15,2025.02.28 08:44:31,filled,GoldBreakout B,B,0.3530112879478428,1.6633947977283818
2025.02.28 08:46:00,77,XAUUSD,sell stop,0.01 / 0.01,2852.6,2862.59,2805.5,2025.02.28 08:47:12,filled,GoldBreakout B,B,0.35020682885789234,1.6511252892098407
2025.02.28 08:51:01,79,XAUUSD,sell stop,0.01 / 0.01,2852.6,2862.59,2805.51,2025.02.28 13:50:26,filled,GoldBreakout B,B,0.35020682885789234,1.6507747318235888
2025.03.04 00:00:00,81,XAUUSD,sell stop,0.01 / 0,2832.71,2842.83,2785.01,2025.03.07 13:50:00,canceled,GoldBreakout B,B,0.3572550667029061,1.6838998697360412
2025.02.26 00:00:00,75,XAUUSD,buy stop,0.01 / 0,2956.25,2868.69,2977.26,2025.03.07 13:50:00,canceled,GoldBreakout C,C,2.961860465116277,0.710697674418612
2025.02.26 00:00:00,74,XAUUSD,buy stop,0.01 / 0,2956.25,2946.03,3004.41,2025.03.07 13:50:00,canceled,GoldBreakout B,B,0.3457082452431222,1.629090909090904
2025.02.26 00:00:00,73,XAUUSD,buy stop,0.01 / 0,2956.25,2941.66,3016.08,2025.03.07 13:50:00,canceled,GoldBreakout A,A,0.4935306553911254,2.0238477801268475
2025.02.07 16:30:01,50,XAUUSD,sell stop,0.01 / 0,2744.91,2759.5,2685.09,2025.03.07 13:50:00,canceled,GoldBreakout A,A,0.531529266897645,2.179306425347269
2025.03.07 16:30:01,82,XAUUSD,buy stop,0.01 / 0.01,2956.25,2941.66,3016.05,2025.03.13 14:36:34,filled,GoldBreakout A,A,0.4935306553911254,2.022832980972522
2025.03.07 16:30:01,84,XAUUSD,buy stop,0.01 / 0.01,2956.25,2946.04,3004.38,2025.03.13 14:36:34,filled,GoldBreakout B,B,0.3453699788583522,1.6280761099365788
2025.03.07 16:30:01,86,XAUUSD,buy stop,0.01 / 0.01,2956.25,2868.74,2977.25,2025.03.13 14:36:34,filled,GoldBreakout C,C,2.9601691331923963,0.7103594080338266
2025.03.18 00:00:00,90,XAUUSD,buy stop,0.01 / 0.01,3005.01,2990.01,3066.51,2025.03.18 01:28:16,filled,GoldBreakout A,A,0.49916639212515096,2.046582207713119
2025.03.18 00:00:00,91,XAUUSD,buy stop,0.01 / 0.01,3005.01,2994.51,3054.51,2025.03.18 01:28:16,filled,GoldBreakout B,B,0.34941647448760565,1.647249094012998
2025.03.18 00:00:00,92,XAUUSD,buy stop,0.01 / 0.01,3005.01,2915.02,3026.61,2025.03.18 01:28:16,filled,GoldBreakout C,C,2.9946655751561635,0.7187996046602143
2025.03.18 01:31:00,96,XAUUSD,buy stop,0.01 / 0.01,3005.01,2989.99,3066.59,2025.03.18 01:32:35,filled,GoldBreakout A,A,0.4998319473146657,2.0492444284711175
2025.03.18 01:31:00,97,XAUUSD,buy stop,0.01 / 0.01,3005.01,2994.5,3054.57,2025.03.18 01:32:35,filled,GoldBreakout B,B,0.349749252082363,1.6492457595814969
2025.03.18 01:31:00,98,XAUUSD,buy stop,0.01 / 0.01,3005.01,2914.89,3026.64,2025.03.18 01:32:35,filled,GoldBreakout C,C,2.9989916838879185,0.7197979374444562
2025.03.18 01:37:00,102,XAUUSD,buy stop,0.01 / 0.01,3005.01,2989.99,3066.59,2025.03.18 01:41:11,filled,GoldBreakout A,A,0.4998319473146657,2.0492444284711175
2025.03.18 01:37:00,103,XAUUSD,buy stop,0.01 / 0.01,3005.01,2994.5,3054.57,2025.03.18 01:41:11,filled,GoldBreakout B,B,0.349749252082363,1.6492457595814969
2025.03.18 01:37:00,104,XAUUSD,buy stop,0.01 / 0.01,3005.01,2914.9,3026.64,2025.03.18 01:41:11,filled,GoldBreakout C,C,2.9986589062931612,0.7197979374444562
2025.03.24 00:00:00,108,XAUUSD,buy stop,0.01 / 0.01,3057.44,3042.32,3119.45,2025.03.27 14:39:34,filled,GoldBreakout A,A,0.49453137265162656,2.028167355696261
2025.03.24 00:00:00,109,XAUUSD,buy stop,0.01 / 0.01,3057.44,3046.85,3107.35,2025.03.27 14:39:34,filled,GoldBreakout B,B,0.34636820346434094,1.6324114291694964
2025.03.24 00:00:00,110,XAUUSD,buy stop,0.01 / 0.01,3057.44,2966.7,3079.22,2025.03.27 14:39:34,filled,GoldBreakout C,C,2.9678423779371053,0.7123606677481732
2025.03.27 14:40:00,114,XAUUSD,buy stop,0.01 / 0.01,3057.44,3042.16,3120.09,2025.03.27 14:45:37,filled,GoldBreakout A,A,0.49976450887017243,2.0490999005704147
2025.03.27 14:40:00,115,XAUUSD,buy stop,0.01 / 0.01,3057.44,3046.74,3107.86,2025.03.27 14:45:37,filled,GoldBreakout B,B,0.34996598461458844,1.6490920508660862
2025.03.27 14:40:00,116,XAUUSD,buy stop,0.01 / 0.01,3057.44,2965.76,3079.44,2025.03.27 14:45:37,filled,GoldBreakout C,C,2.99858705322099,0.7195562300486682
2025.03.27 14:46:00,120,XAUUSD,buy stop,0.01 / 0.01,3057.44,3042.16,3120.09,2025.03.27 14:48:44,filled,GoldBreakout A,A,0.49976450887017243,2.0490999005704147
2025.03.27 14:46:00,121,XAUUSD,buy stop,0.01 / 0.01,3057.44,3046.74,3107.87,2025.03.27 14:48:44,filled,GoldBreakout B,B,0.34996598461458844,1.6494191218797372
2025.03.27 14:46:00,122,XAUUSD,buy stop,0.01 / 0.01,3057.44,2965.75,3079.44,2025.03.27 14:48:44,filled,GoldBreakout C,C,2.9989141242346555,0.7195562300486682
2025.04.03 00:00:00,126,XAUUSD,buy stop,0.01 / 0.01,3149.01,3133.28,3213.5,2025.04.03 00:01:33,filled,GoldBreakout A,A,0.499522072016285,2.047945227230138
2025.04.03 00:00:00,127,XAUUSD,buy stop,0.01 / 0.01,3149.01,3138.0,3200.92,2025.04.03 00:01:33,filled,GoldBreakout B,B,0.34963369439919906,1.648454593665941
2025.04.03 00:00:00,128,XAUUSD,buy stop,0.01 / 0.01,3149.01,3054.63,3171.66,2025.04.03 00:01:33,filled,GoldBreakout C,C,2.99713243209771,0.7192736764887896
2025.03.07 16:30:01,85,XAUUSD,sell stop,0.01 / 0,2978.54,2989.44,2927.14,2025.04.04 13:50:00,canceled,GoldBreakout B,B,0.365951103560808,1.7256776810115053
2025.03.07 16:30:01,83,XAUUSD,sell stop,0.01 / 0,2832.71,2847.4,2772.48,2025.04.04 13:50:00,canceled,GoldBreakout A,A,0.5185846768642062,2.1262324770273
2025.04.04 16:30:01,135,XAUUSD,sell stop,0.01 / 0.01,2982.36,2992.96,2932.38,2025.04.07 00:32:21,filled,GoldBreakout B,B,0.35542322187797276,1.6758540216472866
2025.04.07 00:34:00,138,XAUUSD,sell stop,0.01 / 0.01,2982.36,2992.81,2933.12,2025.04.07 00:34:07,filled,GoldBreakout B,B,0.35039364798347006,1.6510414571010954
2025.04.07 00:36:00,140,XAUUSD,sell stop,0.01 / 0.01,2982.36,2992.81,2933.11,2025.04.07 00:36:46,filled,GoldBreakout B,B,0.35039364798347006,1.6513767620273876
2025.04.04 16:30:01,132,XAUUSD,buy stop,0.01 / 0.01,3167.86,3152.73,3229.9,2025.04.10 16:26:32,filled,GoldBreakout A,A,0.4776094903183887,1.958419879666398
2025.04.04 16:30:01,134,XAUUSD,buy stop,0.01 / 0.01,3167.86,3157.27,3217.79,2025.04.10 16:26:32,filled,GoldBreakout B,B,0.33429507617130005,1.5761428851022403
2025.04.04 16:30:01,136,XAUUSD,buy stop,0.01 / 0.01,3167.86,3077.06,3189.65,2025.04.10 16:26:32,filled,GoldBreakout C,C,2.8662882829418024,0.6878460538028816
2025.04.10 16:33:00,146,XAUUSD,buy stop,0.01 / 0.01,3167.86,3152.03,3232.76,2025.04.10 16:35:56,filled,GoldBreakout A,A,0.49970642642035723,2.048701647168754
2025.04.10 16:33:00,147,XAUUSD,buy stop,0.01 / 0.01,3167.86,3156.78,3220.1,2025.04.10 16:35:56,filled,GoldBreakout B,B,0.34976293144267506,1.6490627742387538
2025.04.10 16:33:00,148,XAUUSD,buy stop,0.01 / 0.01,3167.86,3072.89,3190.65,2025.04.10 16:35:56,filled,GoldBreakout C,C,2.997922888006422,0.7194131053771303
2025.04.10 16:48:00,152,XAUUSD,buy stop,0.01 / 0.01,3167.86,3152.03,3232.75,2025.04.10 16:51:42,filled,GoldBreakout A,A,0.49970642642035723,2.0483859766530044
2025.04.10 16:48:00,153,XAUUSD,buy stop,0.01 / 0.01,3167.86,3156.78,3220.09,2025.04.10 16:51:42,filled,GoldBreakout B,B,0.34976293144267506,1.6487471037230184
2025.04.10 16:48:00,154,XAUUSD,buy stop,0.01 / 0.01,3167.86,3072.9,3190.65,2025.04.10 16:51:42,filled,GoldBreakout C,C,2.997607217490673,0.7194131053771303
2025.04.24 00:00:00,160,XAUUSD,buy stop,0.01 / 0,3500.14,3400.65,3524.02,2025.05.02 13:50:00,canceled,GoldBreakout C,C,2.8424577302622116,0.6822584239487595
2025.04.24 00:00:00,159,XAUUSD,buy stop,0.01 / 0,3500.14,3488.53,3554.86,2025.05.02 13:50:00,canceled,GoldBreakout B,B,0.3317010176735694,1.5633660367871074
2025.04.24 00:00:00,158,XAUUSD,buy stop,0.01 / 0,3500.14,3483.56,3568.13,2025.05.02 13:50:00,canceled,GoldBreakout A,A,0.4736953379007676,1.9424937288222823
2025.04.09 00:00:00,142,XAUUSD,sell stop,0.01 / 0,3048.61,3059.94,2995.19,2025.05.02 13:50:00,canceled,GoldBreakout B,B,0.3716447823762281,1.7522739871613644
2025.04.04 16:30:01,133,XAUUSD,sell stop,0.01 / 0,2956.67,2973.35,2888.27,2025.05.02 13:50:00,canceled,GoldBreakout A,A,0.5641481802162512,2.3134134008868115
2025.05.02 16:30:01,164,XAUUSD,sell stop,0.01 / 0.01,3201.99,3213.81,3146.28,2025.05.14 12:37:56,filled,GoldBreakout B,B,0.3691454376809473,1.7398555273439202
2025.05.14 12:39:00,167,XAUUSD,sell stop,0.01 / 0.01,3201.99,3213.21,3149.11,2025.05.14 12:39:20,filled,GoldBreakout B,B,0.350407090590547,1.6514729902341874
2025.05.14 12:41:00,169,XAUUSD,sell stop,0.01 / 0.01,3201.99,3213.21,3149.1,2025.05.14 12:43:23,filled,GoldBreakout B,B,0.350407090590547,1.6517852960190345
2025.05.02 16:30:01,163,XAUUSD,buy stop,0.01 / 0.01,3365.94,3354.34,3420.64,2025.06.02 13:43:58,filled,GoldBreakout B,B,0.344628840680461,1.6251032401052845
2025.06.05 00:00:00,173,XAUUSD,buy stop,0.01 / 0.01,3392.15,3380.33,3447.89,2025.06.05 10:05:25,filled,GoldBreakout B,B,0.34845157201185567,1.643205636543189
2025.06.05 10:21:00,175,XAUUSD,buy stop,0.01 / 0.01,3392.15,3380.28,3448.1,2025.06.05 10:23:00,filled,GoldBreakout B,B,0.34992556343321757,1.6493964005129436
2025.05.18 23:05:00,171,XAUUSD,sell stop,0.01 / 0,3154.32,3166.09,3098.85,2025.06.06 13:50:00,canceled,GoldBreakout B,B,0.37313906008267966,1.758540668036225
2025.05.02 16:30:01,165,XAUUSD,buy stop,0.01 / 0,3500.14,3403.11,3523.43,2025.06.06 13:50:00,canceled,GoldBreakout C,C,2.7721748272926154,0.6654019553503564
2025.05.02 16:30:01,162,XAUUSD,sell stop,0.01 / 0,3120.87,3137.32,3053.41,2025.06.06 13:50:00,canceled,GoldBreakout A,A,0.5270966108809491,2.1615767398193464
2025.05.02 16:30:01,161,XAUUSD,buy stop,0.01 / 0,3434.98,3418.4,3502.94,2025.06.06 13:50:00,canceled,GoldBreakout A,A,0.48268112186970313,1.9784685791474779
2025.06.06 16:30:01,179,XAUUSD,buy stop,0.01 / 0.01,3403.51,3391.88,3458.36,2025.06.13 00:06:58,filled,GoldBreakout B,B,0.34170606227101163,1.6115715834535496
2025.06.06 16:30:01,177,XAUUSD,buy stop,0.01 / 0.01,3434.98,3418.36,3503.13,2025.06.13 02:25:22,filled,GoldBreakout A,A,0.48384561191040093,1.9839999068407994
2025.06.13 02:27:00,184,XAUUSD,buy stop,0.01 / 0.01,3434.98,3417.81,3505.38,2025.06.13 02:28:23,filled,GoldBreakout A,A,0.4998573499700165,2.049502471630114
2025.06.13 02:30:00,186,XAUUSD,buy stop,0.01 / 0.01,3434.98,3417.82,3505.35,2025.06.13 02:32:00,filled,GoldBreakout A,A,0.4995662274598354,2.048629104099584
2025.06.06 16:30:01,180,XAUUSD,sell stop,0.01 / 0.01,3293.7,3305.4,3238.52,2025.06.27 03:57:05,filled,GoldBreakout B,B,0.3552236087075409,1.6753195494428708
2025.07.01 00:00:00,191,XAUUSD,sell stop,0.01 / 0,3255.76,3267.35,3201.1,2025.07.04 13:50:00,canceled,GoldBreakout B,B,0.355984470599789,1.6788706784283947
2025.06.18 00:00:00,189,XAUUSD,buy stop,0.01 / 0,3451.3,3439.44,3507.19,2025.07.04 13:50:00,canceled,GoldBreakout B,B,0.3436386289224387,1.6193897951496499
2025.06.18 00:00:00,188,XAUUSD,buy stop,0.01 / 0,3451.3,3434.36,3520.74,2025.07.04 13:50:00,canceled,GoldBreakout A,A,0.4908295424912367,2.01199547996406
2025.06.06 16:30:01,181,XAUUSD,buy stop,0.01 / 0,3451.3,3350.05,3475.6,2025.07.04 13:50:00,canceled,GoldBreakout C,C,2.933677165126184,0.7040825196302762
2025.06.06 16:30:01,178,XAUUSD,sell stop,0.01 / 0,3245.51,3261.98,3177.97,2025.07.04 13:50:00,canceled,GoldBreakout A,A,0.5074703205351331,2.081028867573984
2025.07.04 16:30:01,194,XAUUSD,buy stop,0.01 / 0.01,3375.01,3363.37,3429.9,2025.07.16 16:30:26,filled,GoldBreakout B,B,0.34488786699892227,1.6263655515094733
2025.07.16 16:31:00,198,XAUUSD,buy stop,0.01 / 0,3375.01,3363.21,3430.66,2025.07.17 00:00:00,canceled,GoldBreakout B,B,0.3496285936930611,1.648884003306646
2025.07.18 00:00:00,199,XAUUSD,buy stop,0.01 / 0.01,3377.48,3365.78,3432.65,2025.07.21 13:18:43,filled,GoldBreakout B,B,0.34641211791038934,1.6334663713774789
2025.07.04 16:30:01,192,XAUUSD,buy stop,0.01 / 0,3451.3,3434.63,3519.65,2025.07.24 00:00:01,canceled,GoldBreakout A,A,0.4830064033842342,1.9804131776432043
2025.07.04 16:30:01,195,XAUUSD,sell stop,0.01 / 0.01,3282.73,3294.63,3226.64,2025.07.30 19:52:45,filled,GoldBreakout B,B,0.3625031604792381,1.7086388463260807
2025.08.01 00:00:01,204,XAUUSD,sell stop,0.01 / 0,3268.11,3279.64,3213.74,2025.08.01 13:50:00,canceled,GoldBreakout B,B,0.35280330221442197,1.6636526922288521
2025.07.25 00:00:01,202,XAUUSD,buy stop,0.01 / 0,3439.0,3427.21,3494.58,2025.08.01 13:50:00,canceled,GoldBreakout B,B,0.34283221866821645,1.6161674905495762
2025.07.25 00:00:01,201,XAUUSD,buy stop,0.01 / 0,3439.0,3422.16,3508.06,2025.08.01 13:50:00,canceled,GoldBreakout A,A,0.489677231753421,2.0081419017156135
2025.07.04 16:30:01,196,XAUUSD,buy stop,0.01 / 0,3451.3,3351.28,3475.3,2025.08.01 13:50:00,canceled,GoldBreakout C,C,2.8980384203053915,0.6953901428447252
2025.07.04 16:30:01,193,XAUUSD,sell stop,0.01 / 0,3255.76,3272.46,3187.29,2025.08.01 13:50:00,canceled,GoldBreakout A,A,0.5129370715286082,2.1030419932673245
2025.08.01 16:30:01,207,XAUUSD,buy stop,0.01 / 0.01,3408.81,3397.06,3464.21,2025.08.28 14:51:12,filled,GoldBreakout B,B,0.3446950695403968,1.6252005831947247
2025.08.01 16:30:01,205,XAUUSD,buy stop,0.01 / 0,3429.98,3412.94,3499.83,2025.08.29 00:00:00,canceled,GoldBreakout A,A,0.49679589968454524,2.036455023061356
2025.08.01 16:30:01,209,XAUUSD,buy stop,0.01 / 0.01,3439.0,3338.58,3463.1,2025.08.29 15:32:33,filled,GoldBreakout C,C,2.9200348938644973,0.700785111951146
2025.08.29 15:35:00,212,XAUUSD,buy stop,0.01 / 0.01,3439.0,3335.87,3463.75,2025.08.29 15:35:28,filled,GoldBreakout C,C,2.9988368711834865,0.7196859552195406
2025.08.29 15:42:00,214,XAUUSD,buy stop,0.01 / 0.01,3439.0,3335.87,3463.75,2025.08.29 15:43:03,filled,GoldBreakout C,C,2.9988368711834865,0.7196859552195406
2025.09.05 00:00:00,216,XAUUSD,buy stop,0.01 / 0.01,3578.53,3560.82,3651.12,2025.09.05 13:32:35,filled,GoldBreakout A,A,0.49489594889521776,2.0284865573293973
2025.09.05 00:00:00,217,XAUUSD,buy stop,0.01 / 0.01,3578.53,3566.14,3636.96,2025.09.05 13:32:35,filled,GoldBreakout B,B,0.3462315531796667,1.6327933536955073
2025.09.05 00:00:00,218,XAUUSD,buy stop,0.01 / 0.01,3578.53,3472.3,3604.03,2025.09.05 13:32:35,filled,GoldBreakout C,C,2.9685373603127547,0.7125830997644284
2025.09.05 13:36:00,222,XAUUSD,buy stop,0.01 / 0.01,3578.53,3560.65,3651.82,2025.09.05 13:37:43,filled,GoldBreakout A,A,0.4996465028936493,2.0480476620288206
2025.09.05 13:36:00,223,XAUUSD,buy stop,0.01 / 0.01,3578.53,3566.02,3637.52,2025.09.05 13:37:43,filled,GoldBreakout B,B,0.3495848854138492,1.6484422374550383
2025.09.05 13:36:00,224,XAUUSD,buy stop,0.01 / 0.01,3578.53,3471.27,3604.27,2025.09.05 13:37:43,filled,GoldBreakout C,C,2.997320128656186,0.7192897642327933
2025.09.05 13:47:00,228,XAUUSD,buy stop,0.01 / 0.01,3578.53,3560.65,3651.86,2025.09.05 13:49:05,filled,GoldBreakout A,A,0.4996465028936493,2.049165439440215
2025.09.05 13:47:00,229,XAUUSD,buy stop,0.01 / 0.01,3578.53,3566.01,3637.55,2025.09.05 13:49:05,filled,GoldBreakout B,B,0.34986432976669135,1.64928057051359
2025.09.05 13:47:00,230,XAUUSD,buy stop,0.01 / 0.01,3578.53,3471.22,3604.28,2025.09.05 13:49:05,filled,GoldBreakout C,C,2.998717350420435,0.7195692085856482
2025.08.01 16:30:01,208,XAUUSD,sell stop,0.01 / 0,3311.61,3323.4,3256.02,2025.09.05 13:50:00,canceled,GoldBreakout B,B,0.35602018353610365,1.678639694891613
2025.08.01 16:30:01,206,XAUUSD,sell stop,0.01 / 0,3281.67,3299.55,3208.37,2025.09.05 13:50:00,canceled,GoldBreakout A,A,0.5448445456124507,2.2336188586908547
2025.09.11 00:00:00,236,XAUUSD,buy stop,0.01 / 0.01,3674.64,3656.44,3749.26,2025.09.15 16:50:04,filled,GoldBreakout A,A,0.495286613110395,2.030675113752649
2025.09.11 00:00:00,237,XAUUSD,buy stop,0.01 / 0.01,3674.64,3661.9,3734.7,2025.09.15 16:50:04,filled,GoldBreakout B,B,0.34670062917727407,1.6344458232643182
2025.09.11 00:00:00,238,XAUUSD,buy stop,0.01 / 0.01,3674.64,3565.44,3700.85,2025.09.15 16:50:04,filled,GoldBreakout C,C,2.971719678662395,0.7132671499793187
2025.09.19 00:00:00,242,XAUUSD,buy stop,0.01 / 0.01,3707.61,3689.41,3782.24,2025.09.22 07:34:10,filled,GoldBreakout A,A,0.49088226647355765,2.0128870080725765
2025.09.19 00:00:00,243,XAUUSD,buy stop,0.01 / 0.01,3707.61,3694.87,3767.68,2025.09.22 07:34:10,filled,GoldBreakout B,B,0.3436175865314916,1.6201811948937377
2025.09.19 00:00:00,244,XAUUSD,buy stop,0.01 / 0.01,3707.61,3598.4,3733.82,2025.09.22 07:34:10,filled,GoldBreakout C,C,2.9455633143723325,0.7069244068281194
2025.09.25 00:00:00,248,XAUUSD,buy stop,0.01 / 0.01,3791.14,3772.43,3867.83,2025.09.29 03:19:48,filled,GoldBreakout A,A,0.49351909979584074,2.0228743860685716
2025.09.25 00:00:01,249,XAUUSD,buy stop,0.01 / 0.01,3791.14,3778.05,3852.87,2025.09.29 03:19:48,filled,GoldBreakout B,B,0.34527872882562216,1.6282701245535647
2025.09.25 00:00:01,250,XAUUSD,buy stop,0.01 / 0.01,3791.14,3678.91,3818.08,2025.09.29 03:19:48,filled,GoldBreakout C,C,2.9603232800687924,0.7106041982095109
2025.09.29 03:48:00,254,XAUUSD,buy stop,0.01 / 0.01,3791.14,3772.19,3868.83,2025.09.29 03:49:19,filled,GoldBreakout A,A,0.49984964944580834,2.049251676276794
2025.09.29 03:48:00,255,XAUUSD,buy stop,0.01 / 0.01,3791.14,3777.88,3853.67,2025.09.29 03:49:19,filled,GoldBreakout B,B,0.3497628681610218,1.6493719567201477
2025.09.29 03:48:00,256,XAUUSD,buy stop,0.01 / 0.01,3791.14,3677.45,3818.43,2025.09.29 03:49:19,filled,GoldBreakout C,C,2.9988341237727982,0.7198362497823865
2025.09.29 03:50:00,260,XAUUSD,buy stop,0.01 / 0.01,3791.14,3772.19,3868.83,2025.09.29 03:50:17,filled,GoldBreakout A,A,0.49984964944580834,2.049251676276794
2025.09.29 03:50:00,261,XAUUSD,buy stop,0.01 / 0.01,3791.14,3777.88,3853.67,2025.09.29 03:50:17,filled,GoldBreakout B,B,0.3497628681610218,1.6493719567201477
2025.09.29 03:50:00,262,XAUUSD,buy stop,0.01 / 0.01,3791.14,3677.45,3818.43,2025.09.29 03:50:17,filled,GoldBreakout C,C,2.9988341237727982,0.7198362497823865
2025.09.05 16:30:01,235,XAUUSD,sell stop,0.01 / 0,3626.64,3640.14,3563.0,2025.10.03 13:50:00,canceled,GoldBreakout B,B,0.37224538415723646,1.754792314649369
2025.09.05 16:30:01,234,XAUUSD,sell stop,0.01 / 0,3384.63,3403.92,3305.56,2025.10.03 13:50:00,canceled,GoldBreakout A,A,0.5699293571232296,2.3361490029929466
2025.10.03 16:30:01,266,XAUUSD,buy stop,0.01 / 0.01,3896.9,3877.46,3976.62,2025.10.05 23:59:53,filled,GoldBreakout A,A,0.49885806666837884,2.0457286561112626
2025.10.03 16:30:01,268,XAUUSD,buy stop,0.01 / 0.01,3896.9,3883.29,3961.06,2025.10.05 23:59:53,filled,GoldBreakout B,B,0.34925196951423254,1.646436911391102
2025.10.03 16:30:02,270,XAUUSD,buy stop,0.01 / 0.01,3896.9,3780.24,3924.9,2025.10.05 23:59:53,filled,GoldBreakout C,C,2.993661628473923,0.7185198491108317
2025.10.10 00:00:00,274,XAUUSD,buy stop,0.01 / 0.01,4059.29,4039.41,4140.79,2025.10.13 00:09:01,filled,GoldBreakout A,A,0.48974081674381753,2.0077402698501463
2025.10.10 00:00:00,275,XAUUSD,buy stop,0.01 / 0.01,4059.29,4045.38,4124.88,2025.10.13 00:09:01,filled,GoldBreakout B,B,0.3426707626210459,1.615799807355477
2025.10.10 00:00:00,276,XAUUSD,buy stop,0.01 / 0.01,4059.29,3940.03,4087.91,2025.10.13 00:09:01,filled,GoldBreakout C,C,2.937952203464147,0.7050494051915457
2025.10.13 00:11:00,280,XAUUSD,buy stop,0.01 / 0.01,4059.29,4039.02,4142.42,2025.10.13 01:45:24,filled,GoldBreakout A,A,0.49934840821917087,2.0478950752471516
2025.10.13 00:11:00,281,XAUUSD,buy stop,0.01 / 0.01,4059.29,4045.1,4126.2,2025.10.13 01:45:24,filled,GoldBreakout B,B,0.3495685206033581,1.6483178092720614
2025.10.13 00:11:00,282,XAUUSD,buy stop,0.01 / 0.01,4059.29,3937.64,4088.49,2025.10.13 01:45:24,filled,GoldBreakout C,C,2.996829494813135,0.7193376181548946
2025.10.20 00:00:00,286,XAUUSD,buy stop,0.01 / 0.01,4379.6,4358.32,4466.85,2025.10.20 20:57:24,filled,GoldBreakout A,A,0.4858891222942884,1.9921910676774135
2025.10.20 00:00:00,287,XAUUSD,buy stop,0.01 / 0.01,4379.6,4364.7,4449.82,2025.10.20 20:57:24,filled,GoldBreakout B,B,0.3402137181477885,1.6033427710293024
2025.10.20 00:00:00,288,XAUUSD,buy stop,0.01 / 0.01,4379.6,4251.92,4410.24,2025.10.20 20:57:24,filled,GoldBreakout C,C,2.915334733765647,0.6996072700703128
2025.10.03 16:30:02,269,XAUUSD,sell stop,0.01 / 0.01,3940.97,3954.96,3874.99,2025.10.28 06:54:18,filled,GoldBreakout B,B,0.3549887464253785,1.6742071114471822
2025.10.30 00:00:00,296,XAUUSD,sell stop,0.01 / 0,3886.68,3900.52,3821.46,2025.11.07 13:50:00,canceled,GoldBreakout B,B,0.3560879722539583,1.6780388403470266
2025.10.22 00:00:00,294,XAUUSD,buy stop,0.01 / 0,4381.77,4258.07,4411.46,2025.11.07 13:50:00,canceled,GoldBreakout C,C,2.823060087590191,0.6775800646770506
2025.10.22 00:00:00,293,XAUUSD,buy stop,0.01 / 0,4381.77,4367.34,4449.8,2025.11.07 13:50:00,canceled,GoldBreakout B,B,0.3293189738393455,1.5525689390360455
2025.10.22 00:00:00,292,XAUUSD,buy stop,0.01 / 0,4381.77,4361.15,4466.3,2025.11.07 13:50:00,canceled,GoldBreakout A,A,0.4705860873574103,1.929129096232795
2025.10.03 16:30:01,267,XAUUSD,sell stop,0.01 / 0,3819.53,3839.4,3738.07,2025.11.07 13:50:00,canceled,GoldBreakout A,A,0.5202210743206596,2.1327231360926615
2025.11.07 16:30:01,299,XAUUSD,buy stop,0.01 / 0.01,4161.38,4146.88,4229.73,2025.11.12 15:13:51,filled,GoldBreakout B,B,0.3484421033407187,1.6424839836784781
2025.11.07 16:30:01,297,XAUUSD,buy stop,0.01 / 0.01,4245.19,4224.37,4330.57,2025.12.01 01:54:58,filled,GoldBreakout A,A,0.4904374126953025,2.0112174013412853
2025.11.16 23:05:00,303,XAUUSD,buy stop,0.01 / 0.01,4245.19,4230.92,4312.48,2025.12.01 01:54:58,filled,GoldBreakout B,B,0.3361451430913464,1.585088064374032
2025.12.03 00:00:00,307,XAUUSD,buy stop,0.01 / 0,4264.63,4249.88,4334.15,2025.12.05 13:50:00,canceled,GoldBreakout B,B,0.34586822303458914,1.6301531434145409
2025.12.03 00:00:00,306,XAUUSD,buy stop,0.01 / 0,4264.63,4243.56,4351.0,2025.12.05 13:50:00,canceled,GoldBreakout A,A,0.4940639633449961,2.025263621932029
2025.11.07 16:30:01,301,XAUUSD,buy stop,0.01 / 0,4381.77,4261.53,4410.63,2025.12.05 13:50:00,canceled,GoldBreakout C,C,2.744096563717417,0.6586379476786702
2025.11.07 16:30:01,300,XAUUSD,sell stop,0.01 / 0,3998.01,4012.79,3928.35,2025.12.05 13:50:00,canceled,GoldBreakout B,B,0.3696839177490738,1.7423668274966873
2025.11.07 16:30:01,298,XAUUSD,sell stop,0.01 / 0,3915.58,3936.62,3829.33,2025.12.05 13:50:00,canceled,GoldBreakout A,A,0.5373405727887047,2.2027388024251837
2025.12.05 16:30:01,308,XAUUSD,buy stop,0.01 / 0.01,4264.63,4243.55,4351.07,2025.12.11 16:47:28,filled,GoldBreakout A,A,0.4942984502758722,2.026905030448119
2025.12.05 16:30:01,310,XAUUSD,buy stop,0.01 / 0.01,4264.63,4249.87,4334.2,2025.12.11 16:47:28,filled,GoldBreakout B,B,0.3461027099654652,1.6313255780688996
2025.12.05 16:30:01,312,XAUUSD,buy stop,0.01 / 0.01,4353.59,4224.46,4384.58,2025.12.18 16:11:23,filled,GoldBreakout C,C,2.966057897045889,0.7118263318318855
2025.12.16 00:00:00,315,XAUUSD,buy stop,0.01 / 0.01,4353.59,4332.07,4441.83,2025.12.18 16:11:23,filled,GoldBreakout A,A,0.49430470025887685,2.026833027455497
2025.12.16 00:00:00,316,XAUUSD,buy stop,0.01 / 0.01,4353.59,4338.52,4424.61,2025.12.18 16:11:23,filled,GoldBreakout B,B,0.34615110747681127,1.6312973890513238
2025.12.22 00:00:00,320,XAUUSD,buy stop,0.01 / 0.01,4374.62,4352.84,4463.9,2025.12.22 01:38:46,filled,GoldBreakout A,A,0.49787181515193885,2.040862977812924
2025.12.22 00:00:00,321,XAUUSD,buy stop,0.01 / 0.01,4374.62,4359.38,4446.48,2025.12.22 01:38:46,filled,GoldBreakout B,B,0.34837311583634195,1.6426569622047096
2025.12.22 00:00:00,322,XAUUSD,buy stop,0.01 / 0.01,4374.62,4243.96,4405.98,2025.12.22 01:38:46,filled,GoldBreakout C,C,2.98677370834495,0.7168622646081184
2025.12.30 00:00:00,328,XAUUSD,buy stop,0.01 / 0,4550.01,4419.66,4581.29,2026.01.02 13:50:00,canceled,GoldBreakout C,C,2.8648288685079892,0.6874710165472108
2025.12.30 00:00:00,327,XAUUSD,buy stop,0.01 / 0,4550.01,4534.8,4621.7,2026.01.02 13:50:00,canceled,GoldBreakout B,B,0.33428497959345227,1.5756009327451939
2025.12.30 00:00:00,326,XAUUSD,buy stop,0.01 / 0,4550.01,4528.28,4639.1,2026.01.02 13:50:00,canceled,GoldBreakout A,A,0.47758136795304784,1.9580176746864324
2025.12.05 16:30:01,311,XAUUSD,sell stop,0.01 / 0,4181.85,4197.02,4110.35,2026.01.02 13:50:00,canceled,GoldBreakout B,B,0.362758109449169,1.7097695995791335
2025.12.05 16:30:01,309,XAUUSD,sell stop,0.01 / 0,4068.45,4090.12,3979.62,2026.01.02 13:50:00,canceled,GoldBreakout A,A,0.5326352787916792,2.183386793496293
2026.01.02 16:30:01,329,XAUUSD,buy stop,0.01 / 0.01,4550.01,4528.4,4638.59,2026.01.12 00:07:25,filled,GoldBreakout A,A,0.47494401111207624,1.946808908112288
2026.01.02 16:30:01,331,XAUUSD,buy stop,0.01 / 0.01,4550.01,4534.89,4621.31,2026.01.12 00:07:25,filled,GoldBreakout B,B,0.3323069619627186,1.5670295230120412
2026.01.02 16:30:01,333,XAUUSD,buy stop,0.01 / 0.01,4550.01,4420.38,4581.12,2026.01.12 00:07:25,filled,GoldBreakout C,C,2.8490047274621397,0.6837347610224961
2026.01.12 00:08:00,337,XAUUSD,buy stop,0.01 / 0.01,4550.01,4527.27,4643.26,2026.01.12 00:09:11,filled,GoldBreakout A,A,0.49977912136456365,2.049446045173527
2026.01.12 00:08:00,338,XAUUSD,buy stop,0.01 / 0.01,4550.01,4534.09,4625.06,2026.01.12 00:09:11,filled,GoldBreakout B,B,0.34988934090254903,1.6494469242924779
2026.01.12 00:08:00,339,XAUUSD,buy stop,0.01 / 0.01,4550.01,4413.55,4582.76,2026.01.12 00:09:11,filled,GoldBreakout C,C,2.9991142876609067,0.7197786378491475
2026.01.16 00:00:00,343,XAUUSD,buy stop,0.01 / 0.01,4642.92,4619.87,4737.43,2026.01.18 23:05:00,filled,GoldBreakout A,A,0.4964548172270938,2.035572441480797
2026.01.16 00:00:00,344,XAUUSD,buy stop,0.01 / 0.01,4642.92,4626.78,4718.99,2026.01.18 23:05:00,filled,GoldBreakout B,B,0.3476260629086938,1.6384085876991143
2026.01.16 00:00:00,345,XAUUSD,buy stop,0.01 / 0.01,4642.92,4504.61,4676.11,2026.01.18 23:05:00,filled,GoldBreakout C,C,2.9789442850619956,0.7148518604671112
2026.01.02 16:30:01,332,XAUUSD,sell stop,0.01 / 0.01,4536.81,4553.71,4457.13,2026.02.02 05:49:22,filled,GoldBreakout B,B,0.3725084365446125,1.7563001315902647
2026.02.04 00:00:00,353,XAUUSD,sell stop,0.01 / 0,4402.98,4420.3,4321.35,2026.02.06 13:50:00,canceled,GoldBreakout B,B,0.39336994490096755,1.8539716283062655
2026.01.30 00:00:00,351,XAUUSD,buy stop,0.01 / 0,5598.69,5435.54,5637.85,2026.02.06 13:50:00,canceled,GoldBreakout C,C,2.9140745424375996,0.699449335469561
2026.01.30 00:00:00,350,XAUUSD,buy stop,0.01 / 0,5598.69,5579.66,5688.43,2026.02.06 13:50:00,canceled,GoldBreakout B,B,0.33990094111300584,1.6028749582491744
2026.01.30 00:00:00,349,XAUUSD,buy stop,0.01 / 0,5598.69,5571.5,5710.18,2026.02.06 13:50:00,canceled,GoldBreakout A,A,0.48564932153770973,1.991358692837087
2026.01.02 16:30:01,330,XAUUSD,sell stop,0.01 / 0,4274.62,4299.74,4171.63,2026.02.06 13:50:00,canceled,GoldBreakout A,A,0.5876545751435189,2.409336970303788
2026.02.06 16:30:01,356,XAUUSD,buy stop,0.01 / 0.01,5119.45,5101.54,5203.89,2026.02.22 23:05:03,filled,GoldBreakout B,B,0.3498422682124028,1.6493959312035573
2026.02.25 00:00:00,360,XAUUSD,buy stop,0.01 / 0.01,5250.71,5232.7,5335.63,2026.02.27 16:11:15,filled,GoldBreakout B,B,0.3430012322143142,1.617305088264255
2026.02.27 16:13:00,362,XAUUSD,buy stop,0.01 / 0.01,5250.71,5232.34,5337.31,2026.02.27 16:13:27,filled,GoldBreakout B,B,0.34985744784990774,1.649300761230393
2026.02.27 16:21:00,364,XAUUSD,buy stop,0.01 / 0.01,5250.71,5232.35,5337.26,2026.02.27 19:04:17,filled,GoldBreakout B,B,0.3496669974155814,1.6483485090587784
2026.03.04 00:00:00,366,XAUUSD,buy stop,0.01 / 0,5419.21,5401.27,5503.78,2026.03.06 13:50:00,canceled,GoldBreakout B,B,0.3310445618457229,1.5605595649550341
2026.02.06 16:30:01,358,XAUUSD,buy stop,0.01 / 0,5598.69,5450.53,5634.25,2026.03.06 13:50:00,canceled,GoldBreakout C,C,2.646333338691727,0.6351485793998312
2026.02.06 16:30:01,357,XAUUSD,sell stop,0.01 / 0,4839.93,4858.3,4753.33,2026.03.06 13:50:00,canceled,GoldBreakout B,B,0.3795509439186081,1.7892820763936743
2026.02.06 16:30:01,355,XAUUSD,sell stop,0.01 / 0,4402.98,4428.19,4299.62,2026.03.06 13:50:00,canceled,GoldBreakout A,A,0.5725667616023702,2.3475010106791236
2026.02.06 16:30:01,354,XAUUSD,buy stop,0.01 / 0,5598.69,5574.0,5699.93,2026.03.06 13:50:00,canceled,GoldBreakout A,A,0.4409960187115129,1.8082801512496798
2026.03.06 16:30:01,370,XAUUSD,sell stop,0.01 / 0.01,4989.49,5007.33,4905.37,2026.03.15 23:20:24,filled,GoldBreakout B,B,0.3575515734073051,1.6859438539810663
2026.03.17 00:00:00,373,XAUUSD,sell stop,0.01 / 0.01,4967.73,4985.28,4885.02,2026.03.18 10:35:38,filled,GoldBreakout B,B,0.353280069569002,1.6649455586354156
2026.03.06 16:30:01,368,XAUUSD,sell stop,0.01 / 0.01,4839.93,4865.0,4737.16,2026.03.18 13:18:02,filled,GoldBreakout A,A,0.5179826980968673,2.123377817447782
2026.03.18 13:19:00,376,XAUUSD,sell stop,0.01 / 0.01,4839.93,4864.15,4740.63,2026.03.18 19:51:32,filled,GoldBreakout A,A,0.500420460626483,2.051682565656945
2026.03.06 16:30:01,369,XAUUSD,buy stop,0.01 / 0.01,4857.59,4840.91,4936.2,2026.04.15 02:16:13,filled,GoldBreakout B,B,0.3433801535329308,1.6182921983946705
2026.04.17 00:00:00,381,XAUUSD,buy stop,0.01 / 0.01,4871.25,4854.47,4950.37,2026.04.17 14:10:53,filled,GoldBreakout B,B,0.34447010520913,1.6242237618681017
2026.03.25 00:00:00,379,XAUUSD,sell stop,0.01 / 0.01,4607.58,4624.02,4530.07,2026.04.28 10:56:35,filled,GoldBreakout B,B,0.3568033544724239,1.6822279808489538
2026.04.28 10:57:00,385,XAUUSD,sell stop,0.01 / 0.01,4607.58,4623.71,4531.53,2026.04.28 10:57:27,filled,GoldBreakout B,B,0.35007531068370185,1.6505410649408188
2026.05.01 00:00:00,387,XAUUSD,sell stop,0.01 / 0,4510.19,4526.4,4433.79,2026.05.01 13:50:00,canceled,GoldBreakout B,B,0.3594083619537101,1.6939419403617064
2026.04.21 00:00:00,383,XAUUSD,buy stop,0.01 / 0,4889.74,4872.84,4969.4,2026.05.01 13:50:00,canceled,GoldBreakout B,B,0.3456216485948054,1.6291254749741266
2026.03.25 00:00:00,378,XAUUSD,sell stop,0.01 / 0,4351.25,4374.4,4256.33,2026.05.01 13:50:00,canceled,GoldBreakout A,A,0.5320310255673574,2.181442114334963
2026.03.06 16:30:01,371,XAUUSD,buy stop,0.01 / 0,5238.63,5100.8,5271.71,2026.05.01 13:50:00,canceled,GoldBreakout C,C,2.6310313956129736,0.6314628061153379
2026.03.06 16:30:01,367,XAUUSD,buy stop,0.01 / 0,4889.74,4866.25,4986.03,2026.05.01 13:50:00,canceled,GoldBreakout A,A,0.4803936405616614,1.9692253575854741
2026.05.01 16:30:01,391,XAUUSD,sell stop,0.01 / 0.01,4510.19,4526.42,4433.66,2026.05.04 17:08:00,filled,GoldBreakout B,B,0.35985180225224384,1.6968243023021148
2026.05.04 17:09:00,394,XAUUSD,sell stop,0.01 / 0.01,4510.19,4525.98,4435.76,2026.05.04 17:09:01,filled,GoldBreakout B,B,0.35009611568470433,1.6502630709570858
2026.05.04 17:10:00,396,XAUUSD,sell stop,0.01 / 0.01,4510.19,4525.98,4435.75,2026.05.04 17:10:00,filled,GoldBreakout B,B,0.35009611568470433,1.6504847911063527
2026.05.01 16:30:01,390,XAUUSD,buy stop,0.01 / 0,4798.04,4781.41,4876.43,2026.05.13 00:00:00,canceled,GoldBreakout B,B,0.34659986161015977,1.6337921317871533
2026.05.01 16:30:01,389,XAUUSD,sell stop,0.01 / 0.01,4500.85,4524.28,4404.79,2026.05.18 01:33:59,filled,GoldBreakout A,A,0.5205683370918689,2.1342635280002753
2026.05.06 00:00:00,398,XAUUSD,sell stop,0.01 / 0.01,4500.85,4516.86,4425.39,2026.05.18 01:33:59,filled,GoldBreakout B,B,0.3557105880000291,1.6765722030283174
2026.05.22 00:00:00,402,XAUUSD,sell stop,0.01 / 0.01,4453.52,4476.24,4360.38,2026.05.27 11:46:26,filled,GoldBreakout A,A,0.5101582568395189,2.091379403258553
2026.05.22 00:00:00,403,XAUUSD,sell stop,0.01 / 0.01,4453.52,4469.42,4378.55,2026.05.27 11:46:26,filled,GoldBreakout B,B,0.35702096319315135,1.6833875226786956
2026.05.27 11:47:00,406,XAUUSD,sell stop,0.01 / 0.01,4453.52,4475.8,4362.16,2026.05.27 11:47:02,filled,GoldBreakout A,A,0.5002784314429877,2.0514110186998282
2026.05.27 11:47:00,407,XAUUSD,sell stop,0.01 / 0.01,4453.52,4469.12,4379.98,2026.05.27 11:47:02,filled,GoldBreakout B,B,0.3502847186045971,1.6512780901399535
2026.05.31 23:05:00,411,XAUUSD,sell stop,0.01 / 0,4366.42,4382.24,4291.83,2026.06.05 13:50:00,canceled,GoldBreakout B,B,0.3623105427329416,1.7082644363116728
2026.05.31 23:05:00,410,XAUUSD,sell stop,0.01 / 0,4366.42,4389.02,4273.74,2026.06.05 13:50:00,canceled,GoldBreakout A,A,0.5175864896185058,2.1225626485771016
2026.05.14 00:00:00,399,XAUUSD,buy stop,0.01 / 0,4623.47,4607.83,4697.22,2026.06.05 13:50:00,canceled,GoldBreakout B,B,0.33827406688051026,1.5951222782888175
2026.05.01 16:30:01,392,XAUUSD,buy stop,0.01 / 0,4889.74,4748.74,4923.58,2026.06.05 13:50:00,canceled,GoldBreakout C,C,2.8835889024774324,0.6920613365945867
2026.05.01 16:30:01,388,XAUUSD,buy stop,0.01 / 0,4773.55,4751.26,4864.93,2026.06.05 13:50:00,canceled,GoldBreakout A,A,0.46694807847409087,1.9142985828157262
2026.06.14 23:05:00,415,XAUUSD,sell stop,0.01 / 0.01,4023.9,4045.41,3935.72,2026.06.24 13:25:03,filled,GoldBreakout A,A,0.5345560277342817,2.1914063470762266
2026.06.14 23:05:00,416,XAUUSD,sell stop,0.01 / 0.01,4023.9,4038.95,3952.93,2026.06.24 13:25:03,filled,GoldBreakout B,B,0.3740152588284929,1.7637118218643666
2026.06.26 00:00:00,419,XAUUSD,sell stop,0.01 / 0.01,3959.14,3979.27,3876.6,2026.06.30 02:07:11,filled,GoldBreakout A,A,0.5084437529362466,2.084796193112645
2026.06.26 00:00:00,420,XAUUSD,sell stop,0.01 / 0.01,3959.14,3973.23,3892.71,2026.06.30 02:07:11,filled,GoldBreakout B,B,0.35588536904479623,1.6778896427001784
2026.07.02 00:00:00,424,XAUUSD,sell stop,0.01 / 0,3942.74,3956.9,3876.0,2026.07.03 13:50:00,canceled,GoldBreakout B,B,0.35914110491689305,1.6927314507170086
2026.07.02 00:00:00,423,XAUUSD,sell stop,0.01 / 0,3942.74,3962.97,3859.82,2026.07.03 13:50:00,canceled,GoldBreakout A,A,0.513094954270381,2.1031059618437844
2026.06.05 16:30:01,414,XAUUSD,buy stop,0.01 / 0,4773.55,4644.19,4804.6,2026.07.03 13:50:00,canceled,GoldBreakout C,C,2.709932859192856,0.6504593017775069
2026.06.05 16:30:01,413,XAUUSD,buy stop,0.01 / 0,4382.33,4368.06,4449.58,2026.07.03 13:50:00,canceled,GoldBreakout B,B,0.32562586569244045,1.5345717917181043
2026.06.05 16:30:01,412,XAUUSD,buy stop,0.01 / 0,4595.33,4574.38,4681.22,2026.07.03 13:50:00,canceled,GoldBreakout A,A,0.45589761779893545,1.8690714268616255
2026.07.03 16:30:01,427,XAUUSD,buy stop,0.01 / 0.01,4166.04,4151.98,4232.34,2026.08.05 06:46:54,filled,GoldBreakout B,B,0.3374907586101046,1.5914393524786172
2026.08.05 06:48:00,431,XAUUSD,buy stop,0.01 / 0.01,4166.04,4151.46,4234.76,2026.08.05 06:48:57,filled,GoldBreakout B,B,0.3499726358844353,1.6495280890245954
2026.08.05 06:59:00,433,XAUUSD,buy stop,0.01 / 0.01,4166.04,4151.47,4234.73,2026.08.05 07:00:10,filled,GoldBreakout B,B,0.34973259978300036,1.6488079807202909
2026.07.03 16:30:01,425,XAUUSD,buy stop,0.01 / 0.01,4203.05,4182.96,4285.43,2026.08.05 13:16:47,filled,GoldBreakout A,A,0.4779862242895075,1.960005234294146
2026.08.05 13:32:00,436,XAUUSD,buy stop,0.01 / 0.01,4203.05,4182.05,4289.15,2026.08.05 13:36:39,filled,GoldBreakout A,A,0.4996371682468683,2.048512389812147
2026.08.05 13:38:00,438,XAUUSD,buy stop,0.01 / 0.01,4203.05,4182.04,4289.18,2026.08.05 14:34:36,filled,GoldBreakout A,A,0.49987509070794345,2.0492261571953727
2026.07.03 16:30:01,429,XAUUSD,buy stop,0.01 / 0,4382.33,4260.06,4411.68,2026.08.07 13:50:00,canceled,GoldBreakout C,C,2.7900682970018122,0.6697350496197312
2026.07.03 16:30:01,428,XAUUSD,sell stop,0.01 / 0,3959.77,3974.05,3892.44,2026.08.07 13:50:00,canceled,GoldBreakout B,B,0.36062700611399656,1.700351283029063
2026.07.03 16:30:01,426,XAUUSD,sell stop,0.01 / 0,3959.77,3980.77,3873.67,2026.08.07 13:50:00,canceled,GoldBreakout A,A,0.5303338325205756,2.174368713334358
2026.08.07 16:30:01,442,XAUUSD,buy stop,0.01 / 0.01,4382.33,4251.8,4413.66,2026.08.10 19:40:34,filled,GoldBreakout C,C,2.978552505174182,0.7149164941937264
2026.08.10 19:45:00,444,XAUUSD,buy stop,0.01 / 0.01,4382.33,4250.93,4413.86,2026.08.10 20:05:48,filled,GoldBreakout C,C,2.9984049580930607,0.7194802764739248
2026.08.16 23:05:00,446,XAUUSD,buy stop,0.01 / 0.01,4449.75,4427.88,4539.4,2026.08.19 14:12:33,filled,GoldBreakout A,A,0.4914882858587537,2.014719928085839
2026.08.16 23:05:00,447,XAUUSD,buy stop,0.01 / 0.01,4449.75,4434.44,4521.91,2026.08.19 14:12:33,filled,GoldBreakout B,B,0.3440642732737884,1.62166413843474
2026.08.16 23:05:00,448,XAUUSD,buy stop,0.01 / 0.01,4449.75,4318.56,4481.24,2026.08.19 14:12:33,filled,GoldBreakout C,C,2.9482555199730234,0.7076802067531834
2026.08.07 16:30:01,441,XAUUSD,sell stop,0.01 / 0.01,4311.07,4326.63,4237.71,2026.09.02 02:02:07,filled,GoldBreakout B,B,0.36093127692197996,1.701665711760646
2026.09.02 02:03:00,456,XAUUSD,sell stop,0.01 / 0.01,4311.07,4326.17,4239.9,2026.09.02 02:03:03,filled,GoldBreakout B,B,0.3502610720772422,1.6508662582607119
2026.09.02 02:04:00,458,XAUUSD,sell stop,0.01 / 0.01,4311.07,4326.18,4239.83,2026.09.02 02:05:01,filled,GoldBreakout B,B,0.35049303305213286,1.6524899850849044
2026.09.04 00:00:00,460,XAUUSD,sell stop,0.01 / 0,4282.64,4298.3,4208.81,2026.09.04 13:50:00,canceled,GoldBreakout B,B,0.3656623017577908,1.7239366372144267
2026.08.27 00:00:00,454,XAUUSD,buy stop,0.01 / 0,4696.74,4558.46,4729.93,2026.09.04 13:50:00,canceled,GoldBreakout C,C,2.9441697858514573,0.7066603644229936
2026.08.27 00:00:00,453,XAUUSD,buy stop,0.01 / 0,4696.74,4680.61,4772.79,2026.09.04 13:50:00,canceled,GoldBreakout B,B,0.34342969804588097,1.6192082167631203
2026.08.27 00:00:00,452,XAUUSD,buy stop,0.01 / 0,4696.74,4673.69,4791.23,2026.09.04 13:50:00,canceled,GoldBreakout A,A,0.49076593552123776,2.011820965180099
2026.08.07 16:30:01,440,XAUUSD,sell stop,0.01 / 0,4019.12,4041.49,3927.39,2026.09.04 13:50:00,canceled,GoldBreakout A,A,0.5565895021795788,2.282340412826689
2026.09.04 16:30:01,464,XAUUSD,sell stop,0.01 / 0.01,4282.64,4298.18,4209.38,2026.09.14 10:26:02,filled,GoldBreakout B,B,0.36286029178263784,1.710627089832445
2026.09.14 10:29:00,467,XAUUSD,sell stop,0.01 / 0.01,4282.64,4297.64,4211.94,2026.09.14 10:39:09,filled,GoldBreakout B,B,0.35025124689443893,1.6508508770291392
2026.09.14 10:42:00,469,XAUUSD,sell stop,0.01 / 0.01,4282.64,4297.63,4211.95,2026.09.14 10:44:22,filled,GoldBreakout B,B,0.3500177460631709,1.650617376197871
2026.09.04 16:30:01,462,XAUUSD,sell stop,0.01 / 0.01,4261.97,4283.39,4174.13,2026.09.14 14:08:13,filled,GoldBreakout A,A,0.5025844855782671,2.0610187307747387
2026.09.16 00:00:00,472,XAUUSD,sell stop,0.01 / 0.01,4253.64,4275.09,4165.72,2026.09.16 20:07:12,filled,GoldBreakout A,A,0.5042739865150745,2.0669356127928094
2026.09.16 00:00:00,473,XAUUSD,sell stop,0.01 / 0.01,4253.64,4268.65,4182.87,2026.09.16 20:07:12,filled,GoldBreakout B,B,0.3528742441767359,1.6637515163483612
2026.09.16 20:08:00,476,XAUUSD,sell stop,0.01 / 0.01,4253.64,4274.93,4166.34,2026.09.16 20:09:29,filled,GoldBreakout A,A,0.5005125022333804,2.052359861201234
2026.09.16 20:08:00,477,XAUUSD,sell stop,0.01 / 0.01,4253.64,4268.54,4183.39,2026.09.16 20:09:29,filled,GoldBreakout B,B,0.3502882237330765,1.651526692432834
2026.09.18 00:00:00,481,XAUUSD,sell stop,0.01 / 0,4235.02,4250.23,4163.34,2026.09.27 23:59:58,canceled,GoldBreakout B,B,0.3591482448724947,1.6925539902999345
2026.09.18 00:00:00,480,XAUUSD,sell stop,0.01 / 0,4235.02,4256.74,4145.96,2026.09.27 23:59:58,canceled,GoldBreakout A,A,0.5128665271946613,2.1029416626131727
2026.09.04 16:30:01,465,XAUUSD,buy stop,0.01 / 0,4696.74,4563.54,4728.71,2026.09.27 23:59:58,canceled,GoldBreakout C,C,2.836009657762615,0.6806849005906279
2026.09.04 16:30:01,463,XAUUSD,buy stop,0.01 / 0,4443.03,4428.08,4513.53,2026.09.27 23:59:58,canceled,GoldBreakout B,B,0.336482085423682,1.5867549847739044
2026.09.04 16:30:01,461,XAUUSD,buy stop,0.01 / 0,4696.74,4674.54,4787.76,2026.09.27 23:59:58,canceled,GoldBreakout A,A,0.47266827629376584,1.9379399328044653
