t_in,side,vol,entry,strat,bal_in,t_out,exit,pl,why,mv%,hold,r
2025-01-02 08:45:56,buy,0.01,2637.51,A,999.93,2025-01-02 10:45:29,2643.23,5.72,sl,0.21687121565415104,119.55,0.5720400428029961
2025-01-02 08:46:08,buy,0.02,2637.86,B,999.79,2025-01-02 10:45:29,2643.23,10.74,sl,0.20357410931588069,119.35,1.0742255873733484
2025-01-07 13:57:55,buy,0.02,2664.09,B,1016.04,2025-01-07 15:00:00,2654.29,-19.6,sl,-0.36785544031921524,62.083333333333336,-1.9290579111058623
2025-01-07 13:57:53,buy,0.01,2663.7,A,1016.18,2025-01-07 15:01:08,2650.36,-13.34,sl,-0.5008071479520851,63.25,-1.3127595504733414
2025-01-08 14:03:45,buy,0.01,2663.69,A,982.89,2025-01-08 15:52:32,2664.21,0.52,sl,0.019521791199425678,108.78333333333333,0.05290520811077537
2025-01-08 14:04:10,buy,0.02,2664.12,B,982.75,2025-01-08 17:21:33,2667.41,6.58,sl,0.12349293575364337,197.38333333333333,0.6695497328923938
2025-01-09 10:44:41,buy,0.01,2668.39,A,989.78,2025-01-09 11:30:30,2668.91,0.52,sl,0.019487406263701403,45.81666666666667,0.05253692739800764
2025-01-10 06:34:20,buy,0.01,2676.63,A,990.09,2025-01-10 09:42:56,2679.1,2.47,sl,0.0922802180353579,188.6,0.2494722701976588
2025-01-10 06:42:49,buy,0.02,2677.03,B,990.16,2025-01-10 10:31:05,2680.02,5.98,sl,0.11169094108021879,228.26666666666668,0.6039427971236973
2025-01-15 20:54:01,buy,0.01,2696.2,A,998.47,2025-01-16 01:50:16,2698.07,1.87,sl,0.06935687263557398,296.25,0.1872865484190812
2025-01-16 00:16:58,buy,0.02,2696.58,B,998.33,2025-01-16 01:50:16,2698.07,2.98,sl,0.05525517507362053,93.3,0.29849849248244564
2025-01-16 08:15:41,buy,0.01,2700.55,A,1003.11,2025-01-16 10:27:11,2707.25,6.7,sl,0.24809760974615608,131.5,0.6679227602157292
2025-01-21 02:32:37,buy,0.01,2723.13,A,1009.74,2025-01-21 04:42:54,2723.64,0.51,sl,0.018728448513283005,130.28333333333333,0.05050805157763385
2025-01-21 02:37:05,buy,0.02,2723.48,B,1009.6,2025-01-21 05:24:57,2726.8,6.64,sl,0.12190285957672403,167.86666666666667,0.6576862123613312
2025-01-24 01:12:02,buy,0.01,2761.69,A,1016.68,2025-01-24 03:16:16,2774.33,12.64,sl,0.4576907618161297,124.23333333333333,1.2432623834441516
2025-01-24 01:59:01,buy,0.02,2762.14,B,1016.54,2025-01-24 03:16:16,2774.33,24.38,sl,0.4413244802942666,77.25,2.398331595411887
2025-01-27 16:49:30,sell,0.02,2737.19,B,1015.9,2025-01-27 17:24:00,2735.15,4.08,sl,0.07452898775751642,34.5,0.40161433211930314
2025-01-30 13:42:26,buy,0.01,2784.21,A,1053.49,2025-01-30 15:32:52,2788.72,4.51,sl,0.16198490774761112,110.43333333333334,0.4281008837293187
2025-01-31 07:20:46,buy,0.01,2797.79,A,1062.01,2025-01-31 12:56:17,2805.32,7.53,sl,0.2691410005754613,335.51666666666665,0.7090328716302107
2025-01-31 07:24:09,buy,0.02,2798.21,B,1061.87,2025-01-31 12:56:17,2805.32,14.22,sl,0.25409100818023406,332.1333333333333,1.3391469765602193
2025-02-03 14:19:27,buy,0.01,2815.4,A,1083.55,2025-02-03 15:05:15,2825.28,9.88,sl,0.3509270441145169,45.8,0.9118176364727056
2025-02-03 14:32:08,buy,0.02,2815.85,B,1083.41,2025-02-03 15:05:15,2825.28,18.86,sl,0.33488999769164873,33.11666666666667,1.7407998818545145
2025-02-04 13:21:32,buy,0.01,2829.26,A,1112.08,2025-02-04 13:50:12,2833.49,4.23,sl,0.14950905890584687,28.666666666666668,0.3803683188259838
2025-02-04 13:21:35,buy,0.02,2829.77,B,1111.94,2025-02-04 13:52:18,2831.09,2.64,sl,0.04664690063150587,30.716666666666665,0.2374228825296329
2025-02-05 00:30:57,buy,0.02,2843.98,B,1118.6,2025-02-05 00:59:03,2844.43,0.9,sl,0.015822896082244534,28.1,0.08045771500089398
2025-02-05 00:30:24,buy,0.01,2843.53,A,1118.74,2025-02-05 01:02:15,2844.06,0.53,sl,0.01863880458443362,31.85,0.04737472513720793
2025-02-10 06:28:40,buy,0.01,2884.97,A,1119.68,2025-02-10 07:47:15,2892.19,7.22,sl,0.2502625677216836,78.58333333333333,0.6448270934552729
2025-02-10 06:36:11,buy,0.02,2885.39,B,1119.54,2025-02-10 07:47:15,2892.19,13.6,sl,0.23567004806976463,71.06666666666666,1.2147846436929453
2025-02-19 01:50:41,buy,0.02,2938.65,B,1140.15,2025-02-19 02:48:33,2928.25,-20.8,sl,-0.3539040035390431,57.86666666666667,-1.8243213612244003
2025-02-19 09:15:14,buy,0.01,2941.1,A,1140.29,2025-02-19 11:38:24,2941.67,0.57,sl,0.01938050389310679,143.16666666666666,0.049987283936542455
2025-02-20 05:20:44,buy,0.01,2945.05,A,1119.85,2025-02-20 07:43:15,2948.3,3.25,sl,0.1103546629089489,142.51666666666668,0.2902174398356923
2025-02-20 05:51:23,buy,0.02,2945.52,B,1119.71,2025-02-20 07:43:15,2948.3,5.56,sl,0.09438061870230723,111.86666666666666,0.49655714426056746
2025-02-24 13:53:56,buy,0.02,2953.52,B,1128.31,2025-02-24 14:26:41,2942.94,-21.16,sl,-0.35821663642026896,32.75,-1.8753711302744815
2025-02-24 13:51:42,buy,0.01,2952.97,A,1128.45,2025-02-24 14:35:42,2938.13,-14.84,sl,-0.5025448954781014,44.0,-1.3150782046169525
2025-02-25 16:08:58,sell,0.02,2888.51,A,1119.89,2025-02-25 17:17:13,2897.13,42.04,sl,-0.2984237548078383,68.25,3.753940119118842
2025-02-25 15:21:25,sell,0.02,2918.15,B,1119.75,2025-02-25 17:44:51,2903.7,-30.38,sl,0.4951767386871913,143.43333333333334,-2.7131056039294483
2025-02-27 05:38:45,sell,0.02,2889.66,B,1103.62,2025-02-27 08:19:50,2889.08,1.16,sl,0.020071565512895195,161.08333333333334,0.105108642467516
2025-02-27 05:37:02,sell,0.01,2890.15,A,1103.76,2025-02-27 08:43:26,2885.49,4.66,sl,0.16123730602218947,186.4,0.42219323041240847
2025-02-28 03:21:04,sell,0.01,2869.67,A,1109.37,2025-02-28 04:40:05,2860.75,8.92,sl,0.31083713458342155,79.01666666666667,0.8040599619603919
2025-02-28 03:21:13,sell,0.02,2869.27,B,1109.23,2025-02-28 04:40:05,2860.75,17.04,sl,0.2969396396992957,78.86666666666666,1.536200787933972
2025-03-04 09:27:13,buy,0.02,2919.35,B,1092.17,2025-03-04 12:34:40,2919.8,0.9,sl,0.015414390189606345,187.45,0.08240475383868812
2025-03-05 16:17:58,buy,0.02,2926.41,B,1135.95,2025-03-05 17:47:24,2916.08,-20.66,sl,-0.3529922328040134,89.43333333333334,-1.818742022096043
2025-03-10 17:10:28,sell,0.02,2892.67,B,1115.15,2025-03-10 18:31:32,2884.66,16.02,sl,0.27690680236598775,81.06666666666666,1.436578038828857
2025-03-11 01:04:31,sell,0.02,2880.36,B,1130.82,2025-03-11 02:09:03,2891.84,-22.96,sl,-0.398561290949743,64.53333333333333,-2.030385030331972
2025-03-12 15:51:10,buy,0.01,2928.43,A,1115.08,2025-03-12 16:44:05,2934.76,6.33,sl,0.216156780254279,52.916666666666664,0.5676722746350038
2025-03-12 15:55:31,buy,0.02,2929.02,B,1114.94,2025-03-12 16:44:05,2934.76,11.48,sl,0.19596998313429873,48.56666666666667,1.0296518198288698
2025-03-18 00:31:53,buy,0.02,3003.51,B,1125.32,2025-03-18 02:03:36,3003.89,0.76,sl,0.012651863985791767,91.71666666666667,0.0675363452173604
2025-03-18 00:31:22,buy,0.01,3003.15,A,1125.46,2025-03-18 02:03:36,3003.69,0.54,sl,0.017981119824183392,92.23333333333333,0.047980381355179215
2025-03-19 03:44:40,buy,0.01,3036.34,A,1126.55,2025-03-19 06:10:01,3042.77,6.43,sl,0.2117681155601756,145.35,0.5707691624872397
2025-03-19 03:48:15,buy,0.02,3036.79,B,1126.41,2025-03-19 06:11:42,3041.51,9.44,sl,0.15542727682850163,143.45,0.8380607416482453
2025-03-21 14:09:36,sell,0.02,3000.72,B,1107.72,2025-03-21 14:46:03,3011.51,-21.58,sl,-0.3595803673785098,36.45,-1.9481457408009242
2025-03-27 04:27:26,buy,0.02,3036.71,B,1142.07,2025-03-27 10:57:18,3051.43,29.44,sl,0.4847351245262076,389.8666666666667,2.577775442836254
2025-03-27 10:36:51,buy,0.01,3055.68,A,1142.21,2025-03-27 13:22:04,3040.16,-15.52,sl,-0.5079065870771803,165.21666666666667,-1.3587694031745474
2025-03-28 00:05:25,buy,0.01,3057.7,A,1134.2,2025-03-28 02:31:05,3073.6,15.9,sl,0.5199986918271934,145.66666666666666,1.4018691588785046
2025-03-28 00:05:50,buy,0.02,3058.18,B,1134.06,2025-03-28 02:31:05,3073.6,30.84,sl,0.5042214650543811,145.25,2.7194328342415743
2025-03-31 13:57:42,buy,0.02,3126.62,B,1180.59,2025-03-31 14:05:40,3115.61,-22.02,sl,-0.3521374519449042,7.966666666666667,-1.8651691103600745
2025-03-31 13:30:06,buy,0.01,3126.08,A,1180.73,2025-03-31 14:34:13,3110.4,-15.68,sl,-0.5015866516531835,64.11666666666666,-1.3279920049460925
2025-04-01 00:45:05,buy,0.02,3126.55,B,1142.68,2025-04-01 02:05:41,3127.18,1.26,sl,0.020150005597212722,80.6,0.11026709139916686
2025-04-01 00:35:29,buy,0.01,3126.11,A,1142.82,2025-04-01 02:05:47,3126.73,0.62,sl,0.019832955334261777,90.3,0.05425176318230343
2025-04-02 23:16:32,buy,0.02,3147.69,B,1144.35,2025-04-02 23:25:46,3136.28,-22.82,sl,-0.36248804678986346,9.233333333333333,-1.994145147900555
2025-04-02 23:16:17,buy,0.01,3146.97,A,1144.49,2025-04-03 01:05:40,3159.5,12.53,sl,0.39816077051895005,109.38333333333334,1.0948107890850944
2025-04-03 13:28:30,sell,0.02,3075.03,B,1120.35,2025-04-03 13:51:13,3074.42,1.22,sl,0.019837204840282122,22.716666666666665,0.1088945418842326
2025-04-04 16:36:54,sell,0.01,3021.54,A,1135.14,2025-04-04 17:42:24,3036.71,-15.17,sl,-0.5020618624939625,65.5,-1.3363990344803283
2025-04-07 17:48:38,sell,0.01,2973.01,A,1119.9,2025-04-07 18:25:16,2970.82,2.19,sl,0.073662718927957,36.63333333333333,0.19555317439057057
2025-04-07 17:49:02,sell,0.02,2972.51,B,1119.76,2025-04-07 18:25:16,2970.82,3.38,sl,0.05685430831183257,36.233333333333334,0.3018503965135386
2025-04-10 13:30:02,buy,0.02,3131.39,B,1124.98,2025-04-10 13:36:09,3119.84,-23.1,sl,-0.3688457841405806,6.116666666666666,-2.0533698376860032
2025-04-10 16:25:07,buy,0.01,3165.91,A,1135.21,2025-04-10 16:32:47,3166.38,0.47,sl,0.014845652592785478,7.666666666666667,0.04140203134221862
2025-04-15 23:21:49,buy,0.01,3243.72,A,1102.28,2025-04-15 23:37:34,3244.12,0.4,sl,0.012331520599807966,15.75,0.03628842036506151
2025-04-15 23:36:07,buy,0.02,3244.19,B,1102.14,2025-04-16 01:28:47,3266.47,44.56,sl,0.6867661881702288,112.66666666666667,4.043043533489393
2025-04-21 00:03:44,buy,0.01,3354.1,A,1147.03,2025-04-21 01:21:29,3369.27,15.17,sl,0.4522822813869614,77.75,1.3225460537213498
2025-04-21 00:05:23,buy,0.02,3354.64,B,1146.89,2025-04-21 01:21:29,3369.27,29.26,sl,0.43611236973267203,76.1,2.5512472861390365
2025-04-23 13:38:48,sell,0.02,3285.63,B,1125.12,2025-04-23 13:40:55,3285.04,1.18,sl,0.017956982374769694,2.1166666666666667,0.10487770193401594
2025-05-01 00:24:30,sell,0.01,3260.39,A,1125.26,2025-05-01 00:24:41,3259.79,0.6,sl,0.018402706424688737,0.18333333333333332,0.053321010255407635
2025-05-01 00:20:02,sell,0.02,3266.36,B,1192.36,2025-05-01 01:22:37,3246.63,39.46,sl,0.6040362972850518,62.583333333333336,3.309403200375726
2025-05-05 14:06:52,buy,0.02,3328.07,B,1232.21,2025-05-05 14:12:13,3316.33,-23.48,sl,-0.35275700330823073,5.35,-1.9055193514092565
2025-05-06 01:05:08,buy,0.01,3350.84,A,1232.35,2025-05-06 01:28:43,3355.79,4.95,sl,0.14772415274975284,23.583333333333332,0.40167160303485216
2025-05-06 12:36:16,buy,0.02,3385.51,B,1213.54,2025-05-06 12:47:44,3386.17,1.32,sl,0.01949484715744022,11.466666666666667,0.10877268157621506
2025-05-11 23:05:00,sell,0.02,3267.34,B,1214.58,2025-05-11 23:57:11,3288.04,-41.4,sl,-0.6335428819773827,52.18333333333333,-3.4085856839401276
2025-05-14 12:17:57,sell,0.01,3209.69,A,1173.11,2025-05-14 13:20:24,3186.44,23.25,sl,0.7243690200611274,62.45,1.9819113297133262
2025-05-14 12:18:04,sell,0.02,3209.39,B,1172.97,2025-05-14 13:20:24,3186.44,45.9,sl,0.7150891602453993,62.333333333333336,3.913143558658789
2025-05-20 12:34:58,buy,0.02,3248.29,B,1214.72,2025-05-20 13:04:43,3236.74,-23.1,sl,-0.3555717008025817,29.75,-1.901672813487882
2025-05-21 19:05:42,buy,0.02,3319.06,B,1218.67,2025-05-21 19:52:27,3319.7,1.28,sl,0.019282567955983702,46.75,0.10503253546899488
2025-05-21 19:04:17,buy,0.01,3318.49,A,1218.81,2025-05-21 19:52:38,3319.11,0.62,sl,0.0186831962730141,48.35,0.05086929053749149
2025-05-23 11:49:43,buy,0.02,3343.86,B,1220.36,2025-05-23 11:51:54,3344.51,1.3,sl,0.01943861286058899,2.183333333333333,0.10652594316431219
2025-05-23 11:49:40,buy,0.01,3343.36,A,1220.5,2025-05-23 11:51:54,3343.93,0.57,sl,0.017048717457877973,2.2333333333333334,0.04670217124129455
2025-05-28 20:51:18,sell,0.02,3287.02,B,1241.98,2025-05-28 20:53:58,3286.39,1.26,sl,0.019166296523906428,2.6666666666666665,0.10145090903235156
2025-06-02 06:16:47,buy,0.02,3329.43,B,1222.02,2025-06-02 07:49:28,3353.43,48.0,sl,0.7208441084509962,92.68333333333334,3.927922619924388
2025-06-02 13:41:39,buy,0.01,3363.78,A,1222.16,2025-06-02 14:10:11,3369.67,5.89,sl,0.17510063083792257,28.533333333333335,0.4819336257118544
2025-06-05 09:30:13,buy,0.01,3389.95,A,1277.1,2025-06-05 11:20:15,3398.53,8.58,sl,0.2531010781870052,110.03333333333333,0.6718346253229974
2025-06-05 09:56:07,buy,0.02,3390.45,B,1276.96,2025-06-05 11:20:15,3398.53,16.16,sl,0.2383164476691997,84.13333333333334,1.265505575742388
2025-06-12 01:22:23,buy,0.02,3374.09,B,1301.21,2025-06-12 07:33:16,3362.09,-24.0,sl,-0.3556514497242219,370.8833333333333,-1.8444371008522835
2025-06-13 00:02:47,buy,0.01,3401.43,A,1301.63,2025-06-13 00:14:49,3402.09,0.66,sl,0.019403603778419938,12.033333333333333,0.05070565368038536
2025-06-13 13:26:14,buy,0.02,3442.8,B,1277.73,2025-06-13 14:03:35,3430.72,-24.16,sl,-0.3508771929824672,37.35,-1.8908533101672498
2025-06-23 23:56:44,sell,0.02,3341.91,A,1301.49,2025-06-18 20:40:26,3367.41,0.96,sl,-0.7630367065540364,-7396.3,0.07376161169121545
2025-06-18 19:28:54,sell,0.02,3367.89,B,1301.35,2025-06-19 06:48:01,3353.95,20.5,sl,0.41390900534162506,679.1166666666667,1.5752872017520267
2025-06-19 05:52:06,sell,0.02,3364.2,B,1254.25,2025-06-20 06:16:03,3348.62,1.2,sl,0.4631115867070902,1463.95,0.09567470599960136
2025-06-20 03:09:52,sell,0.02,3349.22,B,1274.61,2025-06-24 00:10:51,3341.32,1.18,sl,0.23587581586159276,5580.983333333334,0.09257733738163046
2025-06-23 23:56:44,sell,0.02,3341.91,B,1275.67,2025-06-24 00:10:51,3341.32,1.18,sl,0.01765457477908414,14.116666666666667,0.0925004115484412
2025-06-27 03:46:02,sell,0.02,3297.19,B,1277.82,2025-06-27 04:39:38,3296.54,1.3,sl,0.01971375625912037,53.6,0.10173576873112021
2025-06-27 03:45:39,sell,0.01,3297.69,A,1277.96,2025-06-27 04:40:49,3297.03,0.66,sl,0.020014009806860394,55.166666666666664,0.05164480891420702
2025-07-01 10:47:44,buy,0.02,3348.73,B,1253.43,2025-07-01 13:05:03,3352.14,6.82,sl,0.10182964885194848,137.31666666666666,0.544106970473022
2025-07-03 05:54:36,buy,0.01,3360.42,A,1286.53,2025-07-03 11:52:34,3343.38,-17.04,sl,-0.50707947220883,357.96666666666664,-1.3244930160975648
2025-07-07 02:12:29,sell,0.02,3313.36,B,1269.14,2025-07-07 02:26:33,3312.7,1.32,sl,0.019919356785870212,14.066666666666666,0.10400743810769497
2025-07-08 15:37:22,sell,0.02,3298.06,B,1270.32,2025-07-08 16:28:38,3297.4,1.32,sl,0.020011764491848376,51.266666666666666,0.10391082561874174
2025-07-09 03:50:10,sell,0.02,3288.86,B,1271.5,2025-07-09 09:46:13,3288.23,1.26,sl,0.01915557366382604,356.05,0.09909555642941409
2025-07-11 11:26:04,buy,0.02,3344.19,B,1269.28,2025-07-11 13:14:49,3344.86,1.34,sl,0.020034746829578245,108.75,0.10557166267490231
2025-07-11 15:53:07,buy,0.01,3361.54,A,1269.42,2025-07-11 16:36:15,3362.82,1.28,sl,0.03807778577676304,43.13333333333333,0.1008334514975343
2025-07-14 08:10:38,buy,0.02,3372.48,B,1275.03,2025-07-14 13:20:16,3360.2,-24.56,sl,-0.3641237309042663,309.6333333333333,-1.926229186764233
2025-07-14 08:10:16,buy,0.01,3372.06,A,1275.17,2025-07-14 13:32:13,3355.05,-17.01,sl,-0.5044394227860645,321.95,-1.3339397884203674
2025-07-16 15:17:09,sell,0.02,3321.91,B,1272.62,2025-07-16 15:54:12,3333.67,-23.52,sl,-0.3540132032475359,37.05,-1.8481557731294496
2025-07-16 16:30:23,buy,0.02,3373.35,B,1233.25,2025-07-16 16:42:12,3361.45,-23.8,sl,-0.35276505550862175,11.816666666666666,-1.9298601256841679
2025-07-16 16:30:23,buy,0.01,3372.99,A,1233.39,2025-07-16 16:46:45,3355.94,-17.05,sl,-0.5054862303178997,16.366666666666667,-1.3823689181848402
2025-07-17 13:30:34,sell,0.02,3318.92,B,1168.53,2025-07-17 13:34:49,3318.31,1.22,sl,0.01837947284056643,4.25,0.10440467938349894
2025-07-21 12:58:42,buy,0.01,3375.31,A,1168.81,2025-07-21 14:00:34,3384.92,9.61,sl,0.28471458917847925,61.86666666666667,0.8222037799129028
2025-07-21 12:59:42,buy,0.02,3375.8,B,1168.67,2025-07-21 14:00:34,3384.92,18.24,sl,0.27015818472658004,60.86666666666667,1.5607485432157922
2025-07-22 13:28:30,buy,0.01,3400.56,A,1197.39,2025-07-22 13:50:13,3401.2,0.64,sl,0.018820429576301333,21.716666666666665,0.053449586183281966
2025-07-22 13:30:00,buy,0.02,3401.06,B,1197.25,2025-07-22 14:55:14,3415.67,29.22,sl,0.4295719569781223,85.23333333333333,2.440593025683859
2025-07-23 01:09:38,buy,0.02,3431.91,B,1226.9,2025-07-23 01:29:59,3432.56,1.3,sl,0.01893989061484978,20.35,0.10595810579509334
2025-07-23 01:04:31,buy,0.01,3431.39,A,1227.04,2025-07-23 01:31:29,3432.08,0.69,sl,0.020108469162644135,26.966666666666665,0.0562328856434998
2025-07-25 08:40:06,sell,0.02,3353.08,B,1169.61,2025-07-25 10:17:52,3346.65,12.86,sl,0.19176399012250936,97.76666666666667,1.0995118030796591
2025-07-28 13:49:07,sell,0.01,3326.03,A,1241.54,2025-07-28 15:15:20,3309.1,16.93,sl,0.5090152524180567,86.21666666666667,1.3636290413518695
2025-07-28 14:32:47,sell,0.02,3325.55,B,1241.4,2025-07-28 15:15:20,3309.1,32.9,sl,0.4946550194704717,42.55,2.650233607217657
2025-07-30 14:31:37,sell,0.01,3303.96,A,1291.16,2025-07-30 15:00:00,3303.33,0.63,sl,0.019068027457962843,28.383333333333333,0.0487933331268007
2025-07-30 14:31:38,sell,0.02,3303.45,B,1291.02,2025-07-30 16:44:38,3293.49,19.92,sl,0.3015029741633758,133.0,1.542966026862481
2025-08-01 13:37:11,buy,0.02,3332.67,B,1228.75,2025-08-01 13:50:00,3343.23,21.12,,0.3168630557480922,12.816666666666666,1.7188199389623602
2025-08-04 12:06:36,buy,0.02,3362.76,B,1332.27,2025-08-04 13:11:57,3368.33,11.14,sl,0.16563774994349012,65.35,0.8361668430573383
2025-08-04 14:01:44,buy,0.01,3370.54,A,1343.34,2025-08-04 15:06:27,3380.2,9.66,sl,0.28660096008354313,64.71666666666667,0.7191031310018313
2025-08-05 15:40:06,buy,0.01,3383.81,A,1352.93,2025-08-05 17:16:46,3384.47,0.66,sl,0.019504641218030992,96.66666666666667,0.04878301168574871
2025-08-05 15:40:06,buy,0.02,3383.81,B,1352.79,2025-08-05 17:16:46,3384.47,1.32,sl,0.019504641218030992,96.66666666666667,0.097576120462156
2025-08-07 20:32:03,buy,0.02,3395.84,B,1354.56,2025-08-07 21:48:52,3396.49,1.3,sl,0.019141066716913523,76.81666666666666,0.09597212378927476
2025-08-07 20:31:22,buy,0.01,3395.29,A,1354.7,2025-08-07 21:49:27,3395.97,0.68,sl,0.020027744316386414,78.08333333333333,0.05019561526537241
2025-08-12 07:22:41,sell,0.02,3343.44,A,1332.55,2025-08-11 10:22:05,3359.01,1.34,sl,-0.4656880338812769,-1260.6,0.10055907845859444
2025-08-11 08:10:06,sell,0.02,3359.68,B,1332.41,2025-08-12 08:36:17,3354.74,-23.62,sl,0.14703781312506115,1466.1833333333334,-1.772727613872607
2025-08-12 07:22:44,sell,0.02,3342.93,B,1357.53,2025-08-12 12:39:02,3342.83,1.22,sl,0.0029913877945368004,316.3,0.08986910049869984
2025-08-14 17:13:21,sell,0.02,3333.28,A,1334.99,2025-08-15 04:48:58,3344.5,-25.36,sl,-0.336605385686165,695.6166666666667,-1.899639697675638
2025-08-14 17:16:06,sell,0.02,3331.82,B,1334.85,2025-08-18 01:03:11,3328.84,8.88,sl,0.0894406060351405,4787.083333333333,0.6652432857624453
2025-08-18 00:12:10,sell,0.02,3331.41,B,1309.35,2025-08-18 01:06:07,3330.81,1.2,sl,0.018010391996179067,53.95,0.09164852789552068
2025-08-19 15:44:37,sell,0.01,3325.73,A,1319.36,2025-08-19 18:07:09,3318.87,6.86,sl,0.20627050301738648,142.53333333333333,0.5199490662139219
2025-08-19 15:47:03,sell,0.02,3324.23,B,1319.22,2025-08-19 18:07:09,3318.87,10.72,sl,0.16124034738872242,140.1,0.8126013856672883
2025-08-22 15:02:16,buy,0.02,3350.55,B,1356.33,2025-08-22 15:04:11,3351.15,1.2,sl,0.01790750772260999,1.9166666666666667,0.0884740439273628
2025-08-22 15:19:32,buy,0.01,3367.22,A,1356.47,2025-08-22 16:42:27,3375.54,8.32,sl,0.24708810235149958,82.91666666666667,0.6133567273879997
2025-08-26 01:22:45,buy,0.01,3376.67,A,1346.25,2025-08-26 02:01:26,3381.91,5.24,sl,0.1551824726727747,38.68333333333333,0.3892293407613742
2025-08-26 01:22:45,buy,0.02,3377.28,B,1346.11,2025-08-26 02:01:26,3381.91,9.26,sl,0.13709257153684784,38.68333333333333,0.6879081204359228
2025-08-27 17:30:18,buy,0.02,3391.42,A,1360.47,2025-08-27 19:09:00,3392.83,2.82,sl,0.04157550524558605,98.7,0.20728130719530746
2025-08-27 17:33:08,buy,0.02,3391.93,B,1360.33,2025-08-27 19:09:50,3392.61,1.36,sl,0.020047583529149808,96.7,0.09997574118044887
2025-08-28 08:15:32,buy,0.02,3397.18,A,1364.37,2025-08-28 12:59:47,3404.09,13.82,sl,0.2034039997880686,284.25,1.012921714784113
2025-08-28 08:16:01,buy,0.02,3397.66,B,1364.23,2025-08-28 12:59:47,3404.09,12.86,sl,0.18924789413891593,283.76666666666665,0.942656296958724
2025-08-29 14:34:49,buy,0.02,3421.06,A,1390.77,2025-08-29 15:45:04,3435.92,29.72,sl,0.4343682952067525,70.25,2.1369457207158624
2025-08-29 14:35:23,buy,0.02,3421.58,B,1390.63,2025-08-29 15:45:04,3435.92,28.68,sl,0.41910462417947697,69.68333333333334,2.062374607192423
2025-09-02 02:13:48,buy,0.02,3487.63,A,1448.89,2025-09-02 02:49:33,3495.12,14.98,sl,0.2147590197354588,35.75,1.0338949126572756
2025-09-02 02:14:02,buy,0.02,3488.23,B,1448.75,2025-09-02 02:49:33,3495.12,13.78,sl,0.1975213790375025,35.516666666666666,0.9511647972389992
2025-09-03 12:12:21,buy,0.02,3544.64,A,1477.37,2025-09-03 14:36:29,3554.01,18.74,sl,0.26434278234179903,144.13333333333333,1.2684703222618572
2025-09-03 12:12:23,buy,0.02,3545.24,B,1477.23,2025-09-03 14:36:29,3554.01,17.54,sl,0.24737394365403859,144.1,1.1873574189530405
2025-09-05 13:31:49,buy,0.03,3576.78,B,1513.16,2025-09-05 13:34:15,3577.49,2.13,sl,0.01985025637583473,2.433333333333333,0.14076502154431783
2025-09-05 13:31:47,buy,0.02,3576.21,A,1513.37,2025-09-05 13:34:16,3576.21,0.0,sl,0.0,2.4833333333333334,0.0
2025-09-08 07:45:20,buy,0.02,3597.9,A,1514.94,2025-09-08 08:49:52,3608.79,21.78,sl,0.3026765613274375,64.53333333333333,1.4376807002257515
2025-09-08 07:45:33,buy,0.03,3598.42,B,1514.73,2025-09-08 08:49:52,3608.79,31.11,sl,0.28818203544888843,64.31666666666666,2.0538313758887723
2025-09-09 02:20:49,buy,0.02,3644.14,A,1567.48,2025-09-09 03:35:40,3651.38,14.48,sl,0.19867513322759928,74.85,0.9237757419552403
2025-09-09 02:20:50,buy,0.03,3644.67,B,1567.27,2025-09-09 03:35:40,3651.38,20.13,sl,0.18410445938864248,74.83333333333333,1.2843989867731787
2025-09-15 14:35:35,buy,0.03,3655.79,B,1601.53,2025-09-15 14:59:32,3656.5,2.13,sl,0.019421246844048383,23.95,0.13299782083382763
2025-09-15 16:49:36,buy,0.02,3672.25,A,1601.74,2025-09-15 17:38:01,3681.23,17.96,sl,0.24453672816393268,48.416666666666664,1.1212806073395183
2025-09-16 01:30:00,buy,0.03,3683.9,B,1621.27,2025-09-16 02:01:47,3684.62,2.16,sl,0.019544504465370933,31.783333333333335,0.13322888846398195
2025-09-16 01:29:45,buy,0.02,3683.34,A,1621.48,2025-09-16 02:02:17,3684.05,1.42,sl,0.019275983210891103,32.53333333333333,0.08757431482349458
2025-09-17 19:08:51,buy,0.03,3701.39,B,1624.5,2025-09-17 19:10:17,3701.99,1.8,sl,0.016210126466000858,1.4333333333333333,0.110803324099723
2025-09-17 19:08:27,buy,0.02,3700.85,A,1624.71,2025-09-17 19:10:19,3701.47,1.24,sl,0.016752908115700203,1.8666666666666667,0.0763213127265789
2025-09-18 14:45:05,sell,0.03,3628.39,B,1515.08,2025-09-18 14:52:20,3641.15,-38.28,sl,-0.3516711268634358,7.25,-2.526599255484859
2025-09-22 07:25:52,buy,0.02,3705.22,A,1627.4,2025-09-22 08:01:58,3713.25,16.06,sl,0.21672127431030278,36.1,0.9868501904878946
2025-09-22 07:27:53,buy,0.03,3705.88,B,1627.19,2025-09-22 08:01:58,3713.25,22.11,sl,0.19887314214167462,34.083333333333336,1.3587841616529106
2025-09-23 09:17:19,buy,0.02,3756.9,A,1626.94,2025-09-23 10:36:58,3782.96,52.12,sl,0.6936570044451528,79.65,3.203560057531316
2025-09-23 09:18:05,buy,0.03,3757.5,B,1626.73,2025-09-23 10:36:58,3782.96,76.38,sl,0.6775781769793755,78.88333333333334,4.695308994117032
2025-09-29 03:19:28,buy,0.03,3789.53,B,1755.02,2025-09-29 03:47:13,3790.16,1.89,sl,0.01662475293769028,27.75,0.1076910804435277
2025-09-29 03:18:59,buy,0.02,3788.73,A,1754.88,2025-09-29 03:47:19,3789.24,1.02,sl,0.013460975049680593,28.333333333333332,0.058123632385120354
2025-10-02 14:24:22,buy,0.03,3893.59,B,1757.44,2025-10-02 14:49:41,3879.73,-41.58,sl,-0.3559696835054571,25.316666666666666,-2.3659413692643843
2025-10-02 14:24:11,buy,0.02,3892.81,A,1757.65,2025-10-02 15:00:25,3873.14,-39.34,sl,-0.5052905227843145,36.233333333333334,-2.2382157995050207
2025-10-05 23:44:10,buy,0.02,3894.38,A,1676.38,2025-10-06 00:53:24,3908.07,27.38,sl,0.3515322079509461,69.23333333333333,1.633281236951049
2025-10-05 23:47:41,buy,0.03,3894.97,B,1676.03,2025-10-06 00:53:24,3908.07,39.3,sl,0.3363312169285094,65.71666666666667,2.3448267632440944
2025-10-06 15:00:41,buy,0.02,3947.19,A,1742.36,2025-10-06 16:00:30,3953.74,13.1,sl,0.16594083385901684,59.81666666666667,0.7518538074795106
2025-10-06 15:01:16,buy,0.03,3947.66,B,1742.15,2025-10-06 16:00:30,3953.74,18.24,sl,0.1540152900705716,59.233333333333334,1.0469821771948453
2025-10-07 13:49:22,buy,0.02,3974.97,A,1773.35,2025-10-07 14:22:02,3980.83,11.72,sl,0.14742249627041532,32.666666666666664,0.6608960442101108
2025-10-07 13:52:08,buy,0.03,3975.52,B,1773.14,2025-10-07 14:22:02,3980.83,15.93,sl,0.1335674326880495,29.9,0.8984062172191705
2025-10-09 14:08:43,buy,0.03,4057.31,B,1800.44,2025-10-09 14:39:48,4043.0,-42.93,sl,-0.3526967374935597,31.083333333333332,-2.3844171424762832
2025-10-09 14:08:38,buy,0.02,4056.76,A,1800.65,2025-10-09 14:43:00,4035.98,-41.56,sl,-0.51223143592424,34.36666666666667,-2.308055424430067
2025-10-15 02:06:21,buy,0.02,4177.2,A,1715.81,2025-10-15 02:15:02,4178.76,1.68,sl,0.03734559034761085,8.683333333333334,0.09791293907833619
2025-10-15 02:06:24,buy,0.02,4177.92,B,1715.67,2025-10-15 02:17:55,4177.86,1.32,sl,-0.0014361213235389901,11.516666666666667,0.07693787266782073
2025-10-16 00:00:21,buy,0.02,4215.54,A,1718.53,2025-10-16 01:47:46,4218.81,6.54,sl,0.07757013336370754,107.41666666666667,0.3805578023077863
2025-10-16 01:15:11,buy,0.02,4216.15,B,1718.39,2025-10-16 01:47:46,4218.81,5.32,sl,0.06309073443783461,32.583333333333336,0.3095921182036674
2025-10-21 14:47:59,sell,0.03,4188.49,B,1675.82,2025-10-21 15:06:31,4184.67,11.46,sl,0.09120231873538458,18.533333333333335,0.6838443269563558
2025-10-22 01:02:19,sell,0.02,4071.43,A,1676.24,2025-10-22 01:02:21,4076.84,-10.82,sl,-0.1328771463589036,0.03333333333333333,-0.6454922922731828
2025-10-22 01:00:33,sell,0.03,4083.61,B,1741.5,2025-10-22 01:02:26,4088.35,-14.22,sl,-0.1160737680630565,1.8833333333333333,-0.8165374677002584
2025-10-27 14:07:25,sell,0.03,4006.32,B,1716.11,2025-10-27 14:09:36,4005.57,2.25,sl,0.018720421733660817,2.183333333333333,0.1311104766011503
2025-10-27 14:03:09,sell,0.02,4006.99,A,1716.32,2025-10-27 14:09:46,4006.28,1.42,sl,0.01771903598460644,6.616666666666666,0.08273515428358348
2025-10-28 00:21:05,sell,0.03,3972.98,B,1719.43,2025-10-28 00:30:42,3987.31,-42.99,sl,-0.3606864368811302,9.616666666666667,-2.50024717493588
2025-10-28 00:21:04,sell,0.02,3973.57,A,1719.64,2025-10-28 00:33:08,3993.89,-40.64,sl,-0.5113789363217386,12.066666666666666,-2.36328533879184
2025-11-04 21:38:40,sell,0.03,3930.67,B,1635.59,2025-11-05 01:05:22,3944.44,-41.31,sl,-0.3503219552900646,206.7,-2.5256940920401814
2025-11-07 16:34:58,buy,0.02,4017.78,B,1594.07,2025-11-07 16:43:01,4018.56,1.56,sl,0.019413706076483662,8.05,0.09786270364538573
2025-11-10 01:22:13,buy,0.01,4043.68,A,1594.21,2025-11-10 01:51:12,4048.58,4.9,sl,0.12117674989119047,28.983333333333334,0.3073622672044461
2025-11-10 01:10:55,buy,0.02,4025.54,B,1595.35,2025-11-10 01:51:12,4048.58,46.08,sl,0.5723455735131179,40.28333333333333,2.888394396213997
2025-11-11 13:36:33,buy,0.01,4146.56,A,1646.26,2025-11-11 14:33:30,4125.28,-21.28,sl,-0.5131964809384322,56.95,-1.2926269240581685
2025-11-12 15:10:10,buy,0.02,4147.15,B,1646.12,2025-11-12 17:17:24,4195.84,97.38,sl,1.1740592937318524,127.23333333333333,5.915729108448959
2025-11-12 15:10:10,buy,0.01,4147.15,A,1624.77,2025-11-12 17:17:24,4195.84,48.69,sl,1.1740592937318524,127.23333333333333,2.996731845122694
2025-11-13 03:47:40,buy,0.03,4209.71,B,1770.49,2025-11-13 04:23:01,4210.45,2.22,sl,0.0175784080138485,35.35,0.12538901659992432
2025-11-13 03:47:08,buy,0.02,4209.09,A,1770.7,2025-11-13 04:23:15,4209.86,1.54,sl,0.018293740452200523,36.11666666666667,0.08697125430620659
2025-11-14 13:11:56,sell,0.02,4097.38,B,1593.93,2025-11-14 14:20:27,4054.66,85.44,sl,1.0426174775100248,68.51666666666667,5.360335773842013
2025-11-17 19:35:24,sell,0.03,4033.45,B,1859.34,2025-11-17 20:10:04,4022.07,34.14,sl,0.2821405992388564,34.666666666666664,1.8361354028848949
2025-11-18 03:21:20,sell,0.03,4008.89,B,1893.27,2025-11-18 03:39:36,4022.96,-42.21,sl,-0.3509699692433607,18.266666666666666,-2.2294759859924893
2025-11-24 20:33:57,buy,0.02,4130.94,B,1774.11,2025-11-24 23:11:40,4131.85,1.82,sl,0.022028884466992117,157.71666666666667,0.10258664908038397
2025-11-25 17:27:21,buy,0.03,4153.93,B,1852.53,2025-11-25 18:38:42,4138.68,-45.75,sl,-0.3671222191996495,71.35,-2.4695956340788006
2025-11-25 17:11:17,buy,0.02,4153.41,A,1852.74,2025-11-25 19:04:16,4132.22,-42.38,sl,-0.5101831988655009,112.98333333333333,-2.287422951952244
2025-11-26 02:20:39,buy,0.02,4156.7,A,1764.26,2025-11-26 03:30:55,4163.92,14.44,sl,0.17369547958717865,70.26666666666667,0.8184734676294877
2025-11-26 02:21:37,buy,0.03,4157.32,B,1764.05,2025-11-26 04:01:21,4164.34,21.06,sl,0.16885878402433388,99.73333333333333,1.1938437119129275
2025-11-28 00:28:11,buy,0.02,4171.01,A,1799.41,2025-11-28 01:58:02,4190.49,38.96,sl,0.46703316462918004,89.85,2.165154133854986
2025-11-28 00:28:13,buy,0.03,4171.37,B,1799.2,2025-11-28 01:58:02,4190.49,57.36,sl,0.45836260029678244,89.81666666666666,3.18808359270787
2025-12-01 10:04:00,buy,0.03,4254.4,B,1895.17,2025-12-01 10:21:05,4254.87,1.41,sl,0.01104738623543284,17.083333333333332,0.07439965807816712
2025-12-01 10:03:51,buy,0.02,4253.83,A,1895.38,2025-12-01 10:21:23,4254.67,1.68,sl,0.019746910431308856,17.533333333333335,0.08863657947219027
2025-12-08 15:15:38,sell,0.03,4177.04,B,1897.77,2025-12-08 15:22:31,4191.84,-44.4,sl,-0.3543178901806107,6.883333333333334,-2.339588042808138
2025-12-09 06:04:53,sell,0.03,4177.11,B,1852.95,2025-12-09 06:15:14,4176.27,2.52,sl,0.020109597305295674,10.35,0.13599935238403627
2025-12-11 15:33:43,buy,0.03,4245.63,B,1897.56,2025-12-11 16:00:12,4250.22,13.77,sl,0.10811116371422251,26.483333333333334,0.7256687535571997
2025-12-11 15:50:03,buy,0.02,4256.64,A,1898.12,2025-12-11 17:30:51,4274.74,36.2,sl,0.42521801232896017,100.8,1.9071502328619898
2025-12-12 06:59:17,buy,0.02,4283.15,A,1905.09,2025-12-12 09:31:10,4312.55,58.8,sl,0.6864107024036176,151.88333333333333,3.086468355825709
2025-12-18 16:10:16,buy,0.03,4348.1,B,1963.68,2025-12-18 16:50:42,4363.74,46.92,sl,0.35969733906762535,40.43333333333333,2.3893913468589587
2025-12-18 16:10:26,buy,0.02,4350.77,A,1963.54,2025-12-18 16:50:42,4363.74,25.94,sl,0.2981081509709625,40.266666666666666,1.321083349460668
2025-12-22 01:00:30,buy,0.02,4371.8,A,2036.26,2025-12-22 02:07:35,4379.92,16.24,sl,0.18573585250926142,67.08333333333333,0.7975405891192676
2025-12-22 01:00:57,buy,0.03,4372.44,B,2036.05,2025-12-22 02:07:35,4379.92,22.44,sl,0.17107152985519467,66.63333333333334,1.1021340340364922
2025-12-23 13:16:20,buy,0.03,4495.65,B,2074.38,2025-12-23 13:51:49,4479.81,-47.52,sl,-0.3523405959093621,35.483333333333334,-2.290804963410754
2025-12-23 13:15:00,buy,0.02,4495.12,A,2074.59,2025-12-23 14:03:57,4472.38,-45.48,sl,-0.5058819341864017,48.95,-2.1922403944875852
2025-12-26 01:02:30,buy,0.03,4523.73,B,1981.03,2025-12-26 01:07:00,4524.58,2.55,sl,0.01878980398919396,4.5,0.12872091790634166
2025-12-26 01:02:11,buy,0.02,4523.13,A,1981.24,2025-12-26 01:07:01,4523.9,1.54,sl,0.017023609756949876,4.833333333333333,0.07772909894813348
2025-12-29 13:42:31,sell,0.03,4431.12,B,1855.26,2025-12-29 14:42:17,4358.06,219.18,tp,1.6487930816588017,59.766666666666666,11.81397755570648
2025-12-29 15:22:04,sell,0.02,4309.67,A,1897.98,2025-12-29 15:35:25,4333.09,-46.84,sl,-0.5434290792566501,13.35,-2.467886911347854
2025-12-31 05:50:44,sell,0.02,4299.2,A,2157.32,2025-12-31 06:11:01,4298.35,1.7,sl,0.019771120208398177,20.283333333333335,0.07880147590528988
2025-12-31 05:50:44,sell,0.03,4299.2,B,2157.11,2025-12-31 06:11:01,4298.35,2.55,sl,0.019771120208398177,20.283333333333335,0.11821372113614972
2026-01-05 23:02:00,buy,0.03,4454.25,B,2160.8,2026-01-05 23:56:31,4437.06,-51.57,sl,-0.38592355615422574,54.516666666666666,-2.386616068122917
2026-01-09 14:36:45,buy,0.02,4497.78,A,2161.22,2026-01-09 16:06:09,4508.85,22.14,sl,0.24612141990049802,89.4,1.0244213916213991
2026-01-09 15:04:03,buy,0.03,4498.5,B,2109.02,2026-01-09 16:06:09,4508.85,31.05,sl,0.23007669223075164,62.1,1.472247773847569
2026-01-12 08:51:55,buy,0.02,4598.23,A,2162.07,2026-01-12 14:02:52,4607.86,19.26,sl,0.209428410497085,310.95,0.8908129709028847
2026-01-12 13:07:34,buy,0.03,4599.04,B,2161.86,2026-01-12 14:02:52,4607.86,26.46,sl,0.19177915391037498,55.3,1.2239460464599927
2026-01-13 14:45:12,buy,0.02,4627.34,A,2207.44,2026-01-13 14:52:21,4628.14,1.6,sl,0.017288550225403404,7.15,0.0724821512702497
2026-01-13 14:45:54,buy,0.03,4627.93,B,2207.23,2026-01-13 15:17:54,4611.6,-48.99,sl,-0.3528575410604725,32.0,-2.2195240187927854
2026-01-14 05:01:38,buy,0.03,4632.38,B,2159.63,2026-01-14 05:13:07,4633.24,2.58,sl,0.018564970922067547,11.483333333333333,0.11946490834078059
2026-01-14 12:02:26,buy,0.02,4636.78,A,2162.07,2026-01-14 14:48:24,4613.53,-46.5,sl,-0.5014255582537882,165.96666666666667,-2.1507166742982418
2026-01-16 15:29:00,sell,0.03,4570.87,B,2161.01,2026-01-16 15:48:25,4569.96,2.73,sl,0.019908682592151044,19.416666666666668,0.12632981800176768
2026-01-18 23:05:00,buy,0.02,4648.91,A,2115.43,2026-01-18 23:06:48,4649.17,0.52,sl,0.00559270882852579,1.8,0.024581290801397357
2026-01-18 23:05:00,buy,0.03,4648.91,B,2115.22,2026-01-18 23:06:48,4649.17,0.78,sl,0.00559270882852579,1.8,0.03687559686462874
2026-01-20 04:34:54,buy,0.02,4687.9,A,2118.9,2026-01-20 05:30:41,4694.97,14.14,sl,0.1508137972226502,55.78333333333333,0.6673273868516684
2026-01-20 04:35:18,buy,0.03,4688.37,B,2118.69,2026-01-20 05:30:41,4694.97,19.8,sl,0.14077387236929603,55.38333333333333,0.9345397391784546
2026-01-22 16:51:01,buy,0.02,4885.27,A,2152.49,2026-01-22 18:25:18,4908.03,45.52,sl,0.4658903192658606,94.28333333333333,2.1147601150295707
2026-01-22 17:22:55,buy,0.03,4887.8,B,2152.28,2026-01-22 18:25:18,4908.03,60.69,sl,0.41388763861040884,62.38333333333333,2.8198003977177684
2026-01-23 16:02:26,buy,0.02,4964.73,A,2258.35,2026-01-23 16:45:44,4977.51,25.56,sl,0.2574158111317364,43.3,1.1317997653153853
2026-01-23 16:02:26,buy,0.03,4965.37,B,2258.14,2026-01-23 16:45:44,4977.51,36.42,sl,0.24449336101842012,43.3,1.6128317996226986
2026-01-27 20:03:23,buy,0.02,5107.89,A,2319.98,2026-01-27 21:23:19,5173.05,130.32,sl,1.2756735168533357,79.93333333333334,5.61728980422245
2026-01-27 20:03:25,buy,0.03,5108.75,B,2319.77,2026-01-27 21:23:19,5173.05,192.9,sl,1.2586249082456604,79.9,8.315479551852123
2026-01-30 09:44:12,sell,0.03,4990.66,B,2119.04,2026-01-30 09:47:15,4989.93,2.19,sl,0.01462732384092612,3.05,0.10334868619752341
2026-02-11 10:40:53,buy,0.03,5085.12,B,2644.34,2026-02-11 11:02:00,5091.57,19.35,sl,0.12684066452708723,21.116666666666667,0.7317515901888563
2026-02-11 10:44:09,buy,0.02,5088.83,A,2645.04,2026-02-11 11:02:32,5089.8,1.94,sl,0.019061355950193946,18.383333333333333,0.07334482654326589
2026-02-12 16:14:19,sell,0.04,4970.4,B,2644.55,2026-02-12 16:26:39,4888.86,326.16,tp,1.6405118300337993,12.333333333333334,12.333289217447204
2026-02-17 05:31:51,sell,0.03,4878.79,A,2644.83,2026-02-17 05:32:30,4877.81,2.94,sl,0.020086947788274623,0.65,0.11116026360862513
2026-02-17 05:31:51,sell,0.04,4878.79,B,2991.51,2026-02-17 05:32:30,4877.81,3.92,sl,0.020086947788274623,0.65,0.1310375027995895
2026-02-20 06:12:39,buy,0.04,5019.86,B,2997.6,2026-02-20 06:33:17,5020.86,4.0,sl,0.019920874287330723,20.633333333333333,0.13344008540165467
2026-02-23 14:34:16,buy,0.02,5173.54,A,3001.46,2026-02-23 15:01:45,5187.58,28.08,sl,0.2713809113295724,27.483333333333334,0.935544701578565
2026-02-23 14:36:07,buy,0.04,5174.17,B,3001.18,2026-02-23 15:01:45,5187.58,53.64,sl,0.2591720024660932,25.633333333333333,1.7872969965147045
2026-02-27 16:10:56,buy,0.02,5247.68,A,3082.76,2026-02-27 16:20:05,5248.68,2.0,sl,0.019056040002439174,9.15,0.06487692846669867
2026-03-03 11:29:36,sell,0.04,5131.01,B,2997.88,2026-03-03 11:29:54,5129.98,4.12,sl,0.020074020514492367,0.3,0.13743045085193537
2026-03-03 11:31:27,sell,0.03,5095.84,A,2998.16,2026-03-03 11:31:40,5096.34,-1.5,sl,-0.009811925021193758,0.21666666666666667,-0.050030685487098756
2026-03-10 08:40:32,buy,0.04,5194.43,B,3086.89,2026-03-10 10:29:28,5174.13,-81.2,sl,-0.39080322576298426,108.93333333333334,-2.6304792201860128
2026-03-12 20:30:35,sell,0.04,5060.5,B,3086.61,2026-03-12 20:49:26,5081.49,-83.96,sl,-0.4147811481078902,18.85,-2.7201363307965694
2026-03-13 14:55:22,sell,0.04,5057.24,B,2920.89,2026-03-13 15:05:26,5056.3,3.76,sl,0.01858721357894029,10.066666666666666,0.12872788773284854
2026-03-13 19:47:20,sell,0.03,5014.17,A,3087.17,2026-03-15 23:55:14,4987.54,79.89,sl,0.5310948771182491,3127.9,2.5878069558851635
2026-03-16 10:02:15,sell,0.04,4970.2,B,3004.05,2026-03-16 10:26:50,4987.7,-70.0,sl,-0.3520985071023299,24.583333333333332,-2.330187580100198
2026-03-16 10:01:41,sell,0.03,4970.94,A,3004.33,2026-03-16 10:51:51,4995.81,-74.61,sl,-0.5003077888689222,50.166666666666664,-2.4834156034789787
2026-03-18 10:35:37,sell,0.04,4969.43,B,2859.02,2026-03-18 10:36:18,4968.78,2.6,sl,0.013079970942352456,0.6833333333333333,0.09094025225426895
2026-03-18 10:35:37,sell,0.02,4970.7,A,2859.3,2026-03-18 10:36:24,4969.84,1.72,sl,0.017301386122672312,0.7833333333333333,0.060154583289616335
2026-03-31 02:24:56,buy,0.04,4584.73,B,3005.13,2026-03-31 03:01:24,4596.08,45.4,sl,0.2475609250708409,36.46666666666667,1.5107499509172646
2026-03-31 15:00:37,buy,0.03,4616.51,A,2908.53,2026-03-31 15:03:37,4617.06,1.65,sl,0.011913761694444112,3.0,0.0567296881930047
2026-04-07 23:54:36,buy,0.03,4797.27,A,2909.48,2026-04-08 00:35:00,4807.55,30.84,sl,0.21428854327564936,40.4,1.0599832272433563
2026-04-07 23:54:37,buy,0.04,4799.73,B,2909.2,2026-04-08 00:35:00,4807.55,31.28,sl,0.1629258312446871,40.38333333333333,1.0752096796370136
2026-04-14 14:38:08,buy,0.04,4798.97,B,2970.83,2026-04-14 15:20:24,4799.52,2.2,sl,0.01146079262842197,42.266666666666666,0.07405337902202416
2026-04-15 02:16:08,buy,0.03,4854.53,A,2971.11,2026-04-15 02:20:49,4854.57,0.12,sl,0.0008239726605863724,4.683333333333334,0.004038894554560416
2026-04-17 14:10:50,buy,0.04,4868.86,B,2972.87,2026-04-17 14:16:53,4869.8,3.76,sl,0.019306367404289905,6.05,0.12647710797983092
2026-04-17 14:10:50,buy,0.03,4868.16,A,2972.66,2026-04-17 14:16:53,4869.13,2.91,sl,0.019925392756200592,6.05,0.09789212355264311
2026-04-20 00:43:13,sell,0.04,4749.51,B,2909.69,2026-04-20 00:48:51,4748.63,3.52,sl,0.018528227122379132,5.633333333333334,0.12097508669308414
2026-04-21 15:46:38,sell,0.04,4739.24,B,2982.57,2026-04-21 15:54:39,4738.34,3.6,sl,0.018990386644264404,8.016666666666667,0.1207012744042889
2026-04-21 18:12:22,sell,0.03,4703.41,A,2909.97,2026-04-21 19:33:07,4702.58,2.49,sl,0.017646771172403156,80.75,0.08556789245249952
2026-04-23 18:46:40,sell,0.04,4670.11,B,2988.17,2026-04-23 18:53:08,4687.31,-68.8,sl,-0.3682996760247773,6.466666666666667,-2.3024125133442874
2026-04-23 18:45:26,sell,0.03,4671.28,A,2988.45,2026-04-23 18:53:18,4695.25,-71.91,sl,-0.5131355859635958,7.866666666666666,-2.406264116849872
2026-04-24 05:22:07,sell,0.04,4666.59,B,2846.97,2026-04-24 05:37:20,4665.67,3.68,sl,0.019714609597159226,15.216666666666667,0.12926023105266302
2026-04-24 05:22:00,sell,0.03,4667.36,A,2847.25,2026-04-24 05:39:56,4666.52,2.52,sl,0.017997326111532774,17.933333333333334,0.08850645359557467
2026-04-28 06:06:16,sell,0.03,4660.19,A,2852.96,2026-04-28 06:23:18,4659.33,2.58,sl,0.018454183198532093,17.033333333333335,0.09043239302338624
2026-04-28 06:06:16,sell,0.04,4660.19,B,2852.68,2026-04-28 06:23:18,4659.33,3.44,sl,0.018454183198532093,17.033333333333335,0.12058835901678422
2026-04-29 09:37:44,sell,0.03,4557.93,A,2858.49,2026-04-29 10:20:09,4580.82,-68.67,sl,-0.5022016573312758,42.416666666666664,-2.4023173073895663
2026-04-29 10:50:11,sell,0.04,4557.0,B,2858.21,2026-04-29 11:17:30,4573.26,-65.04,sl,-0.35681369321922796,27.316666666666666,-2.2755500820443566
2026-05-04 17:07:59,sell,0.04,4512.18,B,2723.59,2026-05-04 17:09:44,4511.29,3.56,sl,0.019724390427694093,1.75,0.13070983518077242
2026-05-04 17:07:59,sell,0.03,4512.69,A,2724.15,2026-05-04 17:09:45,4511.83,2.58,sl,0.01905736932959438,1.7666666666666666,0.09470844116513408
2026-05-06 06:56:28,buy,0.04,4658.06,B,2723.87,2026-05-06 07:04:55,4658.92,3.44,sl,0.018462621778158127,8.45,0.12629090228241435
2026-05-06 09:50:47,buy,0.02,4698.69,A,2724.36,2026-05-06 10:02:25,4699.52,1.66,sl,0.017664497977113554,11.633333333333333,0.06093174176687368
2026-05-07 02:52:39,buy,0.04,4720.85,B,2733.92,2026-05-07 03:14:30,4704.07,-67.12,sl,-0.3554444644502718,21.85,-2.4550828114941186
2026-05-07 02:48:43,buy,0.02,4720.07,A,2734.2,2026-05-07 05:15:20,4696.36,-47.42,sl,-0.502323058768197,146.61666666666667,-1.734328139858094
2026-05-12 00:52:19,buy,0.02,4761.94,A,2619.24,2026-05-12 01:00:49,4762.88,1.88,sl,0.01973985392509165,8.5,0.07177654586826714
2026-05-12 00:52:19,buy,0.03,4763.15,B,2619.03,2026-05-12 01:22:53,4764.1,2.85,sl,0.019944784438884512,30.566666666666666,0.10881891387269332
2026-05-12 16:22:47,sell,0.04,4650.29,B,2729.24,2026-05-12 16:25:35,4649.42,3.48,sl,0.018708510652021507,2.8,0.12750802421186852
2026-05-15 01:25:18,sell,0.03,4641.08,A,2729.52,2026-05-15 01:50:17,4627.7,40.14,sl,0.28829496582692193,24.983333333333334,1.4705882352941175
2026-05-15 01:25:18,sell,0.04,4640.4,B,2626.61,2026-05-15 01:50:17,4627.7,50.8,sl,0.27368330316351647,24.983333333333334,1.934051876753686
2026-05-18 01:29:26,sell,0.03,4514.77,A,2717.34,2026-05-18 01:56:28,4496.57,54.6,sl,0.40312131072016355,27.033333333333335,2.00931793592263
2026-05-18 01:33:09,sell,0.04,4513.75,B,2717.06,2026-05-18 01:56:28,4496.57,68.72,sl,0.38061478814733407,23.316666666666666,2.529204360595644
2026-05-19 14:31:21,sell,0.03,4482.68,A,2840.17,2026-05-19 14:32:58,4481.97,2.13,sl,0.01583873932558283,1.6166666666666667,0.07499551083209807
2026-05-19 14:31:21,sell,0.04,4482.68,B,2839.89,2026-05-19 14:32:58,4481.97,2.84,sl,0.01583873932558283,1.6166666666666667,0.10000387338946228
2026-05-20 02:36:09,sell,0.04,4466.87,B,2844.37,2026-05-20 02:38:55,4466.01,3.44,sl,0.0192528549073439,2.7666666666666666,0.12094066524397319
2026-05-20 02:32:04,sell,0.03,4467.7,A,2844.65,2026-05-20 02:38:59,4467.01,2.07,sl,0.015444188284790829,6.916666666666667,0.07276817886207441
2026-05-25 00:02:28,buy,0.03,4568.7,B,2626.89,2026-05-25 00:51:41,4575.24,19.62,sl,0.14314794142753878,49.21666666666667,0.7468908100453389
2026-05-26 00:10:34,buy,0.04,4577.78,B,2868.73,2026-05-26 00:34:47,4561.51,-65.08,sl,-0.355412448828898,24.216666666666665,-2.2685996939412214
2026-05-26 18:59:04,sell,0.04,4490.84,B,2849.39,2026-05-26 19:10:41,4489.95,3.56,sl,0.019818118659322696,11.616666666666667,0.1249390220362955
2026-05-27 07:21:45,sell,0.04,4484.6,B,2806.65,2026-05-27 09:00:50,4483.7,3.6,sl,0.020068679480902324,99.08333333333333,0.1282667949334616
2026-05-27 11:46:17,sell,0.03,4456.18,A,2849.67,2026-05-27 11:46:54,4455.32,2.58,sl,0.01929904088256269,0.6166666666666667,0.0905367989977787
2026-05-28 03:03:15,sell,0.04,4403.65,B,2812.34,2026-05-28 03:14:43,4402.77,3.52,sl,0.019983422842396643,11.466666666666667,0.12516267592111907
2026-05-28 03:02:55,sell,0.03,4404.3,A,2812.62,2026-05-28 03:15:06,4403.79,1.53,sl,0.011579592670803947,12.183333333333334,0.05439767903236129
2026-05-29 16:04:57,buy,0.04,4578.2,B,2806.93,2026-05-29 16:27:51,4579.09,3.56,sl,0.019439954567304345,22.9,0.12682895547804898
2026-05-29 16:04:46,buy,0.02,4577.31,A,2627.1,2026-05-29 16:35:00,4578.2,1.78,sl,0.019443734420421993,30.233333333333334,0.0677553195538807
2026-06-03 09:51:47,sell,0.04,4449.97,B,2817.11,2026-06-03 10:03:37,4449.08,3.56,sl,0.020000134832377014,11.833333333333334,0.1263706422539411
2026-06-09 16:31:49,sell,0.03,4271.21,A,2825.59,2026-06-09 16:32:20,4270.45,2.28,sl,0.017793552646679003,0.5166666666666667,0.08069111229867035
2026-06-09 16:31:49,sell,0.04,4270.11,B,2825.31,2026-06-09 16:33:16,4269.28,3.32,sl,0.019437438379805844,1.45,0.11750922907574743
2026-06-17 17:22:45,buy,0.03,4366.53,A,2825.8,2026-06-17 19:00:01,4371.68,15.45,sl,0.11794262263171318,97.26666666666667,0.546747823625168
2026-06-17 18:33:33,buy,0.04,4367.15,B,2830.28,2026-06-17 19:00:01,4371.68,18.12,sl,0.1037289765636778,26.466666666666665,0.64021934225589
2026-06-18 17:35:59,sell,0.05,4221.25,B,2830.56,2026-06-18 18:00:57,4220.46,3.95,sl,0.01871483565294554,24.966666666666665,0.1395483579221073
2026-06-23 05:59:06,sell,0.04,4122.94,B,2866.82,2026-06-23 06:01:05,4122.14,3.2,sl,0.01940362944887077,1.9833333333333334,0.11162193650107088
2026-06-23 05:59:06,sell,0.03,4124.36,A,2867.1,2026-06-23 06:01:20,4123.59,2.31,sl,0.018669563277684955,2.2333333333333334,0.08056921628125982
2026-06-24 00:37:49,sell,0.05,4092.82,B,2871.77,2026-06-24 00:46:07,4092.2,3.1,sl,0.015148479532457954,8.3,0.10794736347270152
2026-06-24 00:37:49,sell,0.03,4093.17,A,2872.12,2026-06-24 00:46:07,4092.83,1.02,sl,0.008306520374187866,8.3,0.03551383646922831
2026-06-30 02:07:11,sell,0.05,3960.29,B,2875.33,2026-06-30 02:08:40,3959.65,3.2,sl,0.01616043269558221,1.4833333333333334,0.11129157348895606
2026-06-30 02:07:11,sell,0.03,3961.68,A,2875.68,2026-06-30 02:08:41,3961.19,1.47,sl,0.012368490135492561,1.5,0.05111834418294109
2026-07-01 14:44:49,buy,0.04,4094.64,B,2863.36,2026-07-01 14:46:37,4095.32,2.72,sl,0.016607076568398955,1.8,0.09499329459097006
2026-07-02 13:30:39,buy,0.03,4114.46,A,2863.64,2026-07-02 13:30:51,4115.14,2.04,sl,0.01652707767241123,0.2,0.0712380047771368
2026-07-02 13:30:39,buy,0.05,4114.46,B,2882.37,2026-07-02 13:30:51,4115.14,3.4,sl,0.01652707767241123,0.2,0.1179584855518202
2026-07-03 01:49:50,buy,0.03,4141.39,A,2887.6,2026-07-03 02:41:03,4182.29,122.7,sl,0.9875911227872678,51.21666666666667,4.249203490788198
2026-07-03 01:51:06,buy,0.04,4142.0,B,2887.32,2026-07-03 02:41:03,4182.29,161.16,sl,0.972718493481409,49.95,5.581646648102739
2026-07-06 00:28:04,buy,0.05,4193.43,B,3169.99,2026-07-06 00:34:43,4194.12,3.45,sl,0.016454310671684035,6.65,0.10883315089322049
2026-07-06 00:28:03,buy,0.03,4192.97,A,3170.34,2026-07-06 00:34:45,4193.79,2.46,sl,0.01955654345248616,6.7,0.07759420125286247
2026-07-08 09:56:36,sell,0.05,4058.59,B,3170.55,2026-07-08 10:15:17,4057.86,3.65,sl,0.01798654212423571,18.683333333333334,0.11512198199050637
2026-07-13 15:16:46,sell,0.04,4020.68,A,3170.9,2026-07-13 15:18:57,4019.9,3.12,sl,0.019399703532729424,2.183333333333333,0.09839477750796305
2026-07-13 15:16:46,sell,0.05,4020.68,B,3178.64,2026-07-13 15:18:57,4019.9,3.9,sl,0.019399703532729424,2.183333333333333,0.12269398233206653
2026-07-14 01:07:24,sell,0.05,3988.33,B,3185.1,2026-07-14 01:34:06,4002.5,-70.85,sl,-0.355286548505266,26.7,-2.2244199554174124
2026-07-14 01:07:24,sell,0.03,3988.33,A,3185.45,2026-07-14 02:58:16,4009.09,-62.28,sl,-0.5205186130535894,110.86666666666666,-1.955139776169772
2026-07-16 14:02:39,sell,0.03,3983.26,A,3051.76,2026-07-16 14:03:22,3982.57,2.07,sl,0.017322494640070057,0.7166666666666667,0.06782971137966287
2026-07-16 14:02:39,sell,0.05,3983.26,B,3051.41,2026-07-16 14:03:22,3982.57,3.45,sl,0.017322494640070057,0.7166666666666667,0.11306248586718927
2026-07-17 13:43:03,sell,0.03,3971.92,A,3056.72,2026-07-17 13:44:22,3971.13,2.37,sl,0.019889625168683246,1.3166666666666667,0.07753408882723967
2026-07-17 13:43:03,sell,0.05,3968.67,B,3056.37,2026-07-17 14:02:38,3967.92,3.75,sl,0.018898018731716166,19.583333333333332,0.1226945690475957
2026-07-21 07:41:45,buy,0.05,4079.27,B,3175.34,2026-07-21 09:21:02,4064.92,-71.75,sl,-0.35177862705827045,99.28333333333333,-2.259600546713108
2026-07-22 01:30:14,buy,0.03,4101.18,A,3175.69,2026-07-22 02:55:43,4118.07,50.67,sl,0.41183269205446765,85.48333333333333,1.5955587604583572
2026-07-22 14:31:30,buy,0.05,4140.57,B,3040.71,2026-07-22 14:34:42,4141.38,4.05,sl,0.019562524000328464,3.2,0.13319257673372337
2026-07-28 10:57:43,sell,0.05,4023.67,B,3062.14,2026-07-28 11:32:48,4022.89,3.9,sl,0.019385287560863593,35.083333333333336,0.12736191029802688
2026-07-29 02:04:04,sell,0.05,4013.68,B,3047.75,2026-07-29 02:38:01,4027.77,-70.45,sl,-0.3510494110143346,33.95,-2.3115413009597243
2026-07-29 20:01:48,buy,0.05,4114.17,B,3044.2,2026-07-29 20:05:51,4099.74,-72.15,sl,-0.3507390312019263,4.05,-2.370080809408055
2026-08-05 03:37:53,buy,0.03,4117.89,A,3044.55,2026-08-05 04:29:29,4130.35,37.38,sl,0.30258214765328934,51.6,1.2277676503916835
2026-08-05 03:37:54,buy,0.05,4118.46,B,2904.8,2026-08-05 04:29:29,4130.35,59.45,sl,0.28870014519991277,51.583333333333336,2.0466125034425775
2026-08-07 09:33:51,buy,0.04,4302.2,B,3001.14,2026-08-07 09:36:50,4303.02,3.28,sl,0.019060015805881143,2.9833333333333334,0.10929180244840295
2026-08-07 09:33:50,buy,0.03,4301.32,A,3001.42,2026-08-07 09:36:52,4302.06,2.22,sl,0.017204021091215983,3.033333333333333,0.07396498990477841
2026-08-10 19:31:20,buy,0.03,4368.98,A,3005.87,2026-08-10 21:06:04,4387.5,55.56,sl,0.4238975687689218,94.73333333333333,1.8483833299510626
2026-08-10 19:31:21,buy,0.04,4369.69,B,3005.59,2026-08-10 21:06:04,4387.5,71.24,sl,0.407580400440315,94.71666666666667,2.3702501006457966
2026-08-12 13:30:03,buy,0.05,4433.26,B,3131.83,2026-08-12 13:30:06,4413.12,-100.7,sl,-0.4542932289105608,0.05,-3.2153724819035516
2026-08-12 13:30:03,buy,0.03,4432.69,A,3132.18,2026-08-12 13:30:06,4409.57,-69.36,sl,-0.5215794472430937,0.05,-2.2144321207593434
2026-08-13 01:34:10,buy,0.04,4439.02,B,2961.28,2026-08-13 01:38:25,4439.64,2.48,sl,0.013967046780593257,4.25,0.08374756861897557
2026-08-13 01:34:10,buy,0.03,4438.26,A,2961.56,2026-08-13 01:38:40,4439.02,2.28,sl,0.017123827806397512,4.5,0.076986453085536
2026-08-14 02:19:01,sell,0.05,4318.86,B,3006.08,2026-08-14 03:27:10,4318.23,3.15,sl,0.014587182728778176,68.15,0.10478763040238451
2026-08-19 13:56:32,buy,0.04,4434.76,B,2965.55,2026-08-19 13:58:32,4435.59,3.32,sl,0.01871578168829716,2.0,0.11195225169024295
2026-08-19 14:12:24,buy,0.03,4446.87,A,2965.83,2026-08-19 14:35:43,4454.49,22.86,sl,0.17135648219983698,23.316666666666666,0.7707791748009832
2026-08-20 16:01:27,buy,0.03,4523.2,A,2994.39,2026-08-20 16:03:02,4523.99,2.37,sl,0.017465511142553142,1.5833333333333333,0.0791480067726649
2026-08-20 16:01:27,buy,0.04,4523.2,B,2994.11,2026-08-20 16:03:02,4523.99,3.16,sl,0.017465511142553142,1.5833333333333333,0.10554054460256972
2026-08-21 02:34:58,buy,0.04,4538.76,B,2999.15,2026-08-21 03:04:48,4522.71,-64.2,sl,-0.35362081273299717,29.833333333333332,-2.140606505176467
2026-08-21 02:34:57,buy,0.03,4538.52,A,2999.43,2026-08-21 06:01:03,4539.39,2.61,sl,0.019169244599558686,206.1,0.08701653314129684
2026-08-24 01:05:08,buy,0.04,4630.01,B,2937.07,2026-08-24 01:18:08,4630.83,3.28,sl,0.017710544901624596,13.0,0.11167592192218774
2026-08-24 01:05:08,buy,0.03,4629.51,A,2937.35,2026-08-24 01:18:54,4630.43,2.76,sl,0.019872513505750557,13.766666666666667,0.09396224488058964
2026-08-25 00:50:15,buy,0.04,4678.78,B,2942.62,2026-08-25 01:04:10,4679.58,3.2,sl,0.017098474388626564,13.916666666666666,0.10874662715539216
2026-08-25 00:50:12,buy,0.03,4677.96,A,2942.9,2026-08-25 01:04:46,4678.76,2.4,sl,0.017101471581633488,14.566666666666666,0.08155221040470284
2026-08-27 10:37:06,sell,0.04,4584.99,B,2968.42,2026-08-27 11:42:33,4584.1,3.56,sl,0.01941116556414339,65.45,0.11992912054224134
2026-08-28 15:05:15,sell,0.04,4567.42,B,2951.5,2026-08-28 15:05:29,4566.71,2.84,sl,0.01554488091745529,0.23333333333333334,0.09622225986786379
2026-08-28 19:23:56,sell,0.03,4453.44,A,3006.43,2026-08-28 19:45:07,4452.6,2.52,sl,0.018861823668877006,21.183333333333334,0.0838203450604205
2026-09-01 09:09:51,sell,0.04,4397.41,B,2956.09,2026-09-01 09:12:18,4396.53,3.52,sl,0.020011779661212148,2.45,0.11907621215862846
2026-09-01 09:09:51,sell,0.03,4399.35,A,2956.37,2026-09-01 09:12:52,4398.5,2.55,sl,0.01932103606215381,3.0166666666666666,0.08625442688161494
2026-09-03 13:32:14,buy,0.04,4470.08,B,2956.58,2026-09-03 13:41:30,4470.87,3.16,sl,0.017673061779654137,9.266666666666667,0.10688024677160775
2026-09-08 19:49:15,sell,0.04,4367.77,B,2964.76,2026-09-08 19:53:24,4366.9,3.48,sl,0.019918631246627003,4.15,0.11737880975188549
2026-09-10 13:34:33,sell,0.04,4343.53,B,2967.96,2026-09-10 13:44:49,4342.82,2.84,sl,0.01634615163242884,10.266666666666667,0.09568862114044663
2026-09-11 13:30:12,sell,0.04,4302.63,B,2970.31,2026-09-11 13:30:20,4302.4,0.92,sl,0.0053455677109226895,0.13333333333333333,0.030973198083701702
2026-09-11 13:30:11,sell,0.03,4303.64,A,2970.59,2026-09-11 13:30:22,4302.89,2.25,sl,0.017427108215371172,0.18333333333333332,0.0757425292618638
2026-09-14 10:19:02,sell,0.03,4292.14,A,2973.27,2026-09-14 11:12:41,4288.45,11.07,sl,0.08597110066308436,53.65,0.3723173475668204
2026-09-14 10:19:02,sell,0.04,4292.14,B,2972.99,2026-09-14 11:12:41,4288.45,14.76,sl,0.08597110066308436,53.65,0.49646988385430163
2026-09-16 20:07:07,sell,0.03,4255.77,A,2998.61,2026-09-16 20:15:14,4255.07,2.1,sl,0.016448257307155403,8.116666666666667,0.07003244836774372
2026-09-16 20:07:07,sell,0.05,4255.77,B,2998.26,2026-09-16 20:15:14,4255.07,3.5,sl,0.016448257307155403,8.116666666666667,0.11673437260277626
2026-09-17 13:19:13,buy,0.04,4365.02,B,2965.04,2026-09-17 13:35:35,4365.83,3.24,sl,0.018556616006329654,16.366666666666667,0.10927339934705774
2026-09-23 14:42:32,sell,0.05,4293.32,B,3003.51,2026-09-23 14:44:36,4292.5,4.1,sl,0.019099438197006255,2.066666666666667,0.13650695353103534
2026-09-24 09:15:35,sell,0.05,4275.96,B,3010.5,2026-09-24 11:00:25,4256.41,97.75,sl,0.45720727041413345,104.83333333333333,3.2469689420362067
